26.02,26.02,18.37,15.88,22.72
31.71,31.71,30.10,22.64,31.30
47.27,47.27,47.61,36.26,42.79
48.93,48.93,48.50,34.32,40.15
47.64,47.64,48.43,35.78,36.62
47.45,47.45,46.84,33.80,33.66
48.34,48.34,48.48,39.63,36.48
52.93,52.93,51.36,37.10,36.37
51.23,51.23,53.39,40.67,41.96
48.47,48.47,53.65,38.60,40.92
52.64,52.64,55.91,40.88,45.26
52.85,52.85,54.17,43.82,49.03
54.17,54.17,55.45,44.20,50.75
50.31,50.31,56.45,40.63,47.73
51.14,51.14,58.67,42.51,54.09
51.92,51.92,59.12,44.97,54.98
51.97,51.97,55.23,40.66,53.36
52.03,52.03,56.47,40.46,54.71
52.76,52.76,57.63,44.69,51.96
51.26,51.26,57.26,38.06,50.93
52.69,52.69,57.46,42.97,51.70
51.37,51.37,56.57,45.41,52.96
51.95,51.95,55.12,43.80,58.60
54.27,54.27,55.24,41.61,58.08
53.73,53.73,53.33,42.73,52.73
53.69,53.69,54.12,40.39,54.50
64.36,64.36,54.79,34.40,60.81
68.02,68.02,61.92,32.28,66.12
67.85,67.85,66.94,37.14,73.20
65.48,65.48,85.79,44.73,78.46
65.67,65.67,85.30,43.86,75.85
70.17,70.17,68.37,52.46,77.98
70.00,70.00,63.61,56.78,77.42
68.58,68.58,60.72,59.35,78.94
64.95,64.95,61.42,58.84,78.87
62.76,62.76,64.90,59.87,78.58
59.94,59.94,66.85,59.57,77.55
59.92,59.92,63.62,60.55,78.14
58.68,58.68,62.09,59.67,77.66
57.96,57.96,61.18,60.31,80.23
59.64,59.64,62.18,57.82,77.71
57.57,57.57,64.63,52.49,77.25
53.72,53.72,72.19,56.13,72.66
49.62,49.62,79.32,59.24,71.18
50.65,50.65,79.52,63.51,74.10
50.06,50.06,75.06,63.97,75.95
47.98,47.98,70.70,65.72,71.17
45.64,45.64,67.91,65.50,76.95
43.95,43.95,67.58,64.95,73.85
45.51,45.51,73.54,65.07,71.68
42.89,42.89,67.23,60.53,72.01
43.36,43.36,58.87,56.39,69.75
46.94,46.94,55.97,48.15,69.49
46.09,46.09,55.09,37.59,70.05
41.59,41.59,60.95,36.49,65.19
44.87,44.87,62.91,43.00,60.42
37.89,37.89,89.89,54.51,60.00
35.76,35.76,84.98,57.32,57.96
33.34,33.34,66.53,64.41,56.27
33.82,33.82,58.59,59.48,54.70
33.26,33.26,51.40,61.42,55.56
32.39,32.39,53.46,62.19,56.88
30.20,30.20,59.63,63.58,58.28
31.98,31.98,68.25,64.99,59.91
30.19,30.19,60.61,62.93,62.04
32.15,32.15,52.66,65.63,64.13
37.43,37.43,49.23,64.40,64.01
33.10,33.10,50.00,65.34,65.57
33.23,33.23,54.85,66.27,62.94
32.51,32.51,66.92,65.13,61.71
33.49,33.49,68.26,61.29,59.44
37.48,37.48,59.68,54.22,58.56
38.75,38.75,53.87,51.47,58.53
36.79,36.79,52.77,45.30,55.63
34.87,34.87,54.20,40.29,56.60
31.35,31.35,59.29,41.79,58.26
26.93,26.93,78.74,57.85,69.25
18.96,18.96,77.89,64.01,71.64
21.54,21.54,73.99,65.62,73.01
22.41,22.41,72.79,65.53,72.18
18.80,18.80,72.14,64.90,72.06
19.13,19.13,70.50,60.42,66.85
24.52,24.52,72.15,58.00,66.62
26.48,26.48,90.25,57.65,67.68
20.27,20.27,80.73,58.94,63.85
27.11,27.11,67.88,56.94,61.14
29.71,29.71,58.27,56.69,55.69
30.72,30.72,56.22,57.22,54.96
28.48,28.48,53.88,58.37,54.66
28.70,28.70,66.15,58.17,53.77
34.09,34.09,68.60,57.93,54.79
38.01,38.01,61.32,55.23,53.07
45.89,45.89,55.74,49.90,51.13
50.44,50.44,55.88,43.82,53.68
45.45,45.45,54.28,41.97,52.74
31.35,31.35,56.61,40.61,55.24
28.53,28.53,73.64,56.80,67.27
27.26,27.26,75.44,65.46,74.83
27.46,27.46,71.12,65.86,74.33
29.75,29.75,69.60,66.53,72.79
31.48,31.48,68.18,66.75,73.07
30.23,30.23,64.56,66.29,69.92
33.83,33.83,60.82,66.01,69.24
43.55,43.55,74.16,67.11,68.32
45.48,45.48,65.07,66.09,67.48
51.04,51.04,58.73,65.93,67.58
59.72,59.72,57.52,66.44,67.07
53.56,53.56,57.54,63.86,64.83
65.70,65.70,67.94,58.37,59.04
74.19,74.19,75.36,47.94,61.44
74.33,74.33,89.59,54.23,67.50
77.30,77.30,75.16,48.44,60.96
79.26,79.26,64.12,44.08,67.92
78.82,78.82,58.51,37.98,67.48
78.14,78.14,58.76,36.07,67.58
77.48,77.48,60.15,35.06,66.48
77.73,77.73,65.25,51.94,67.92
77.88,77.88,71.44,64.22,72.92
75.98,75.98,69.21,65.63,72.57
75.69,75.69,66.46,66.30,71.30
76.94,76.94,61.82,67.29,69.14
76.92,76.92,59.73,66.38,70.23
76.29,76.29,59.88,67.48,71.94
75.52,75.52,70.71,66.13,64.70
76.36,76.36,67.76,67.02,65.63
76.32,76.32,63.10,66.35,70.40
79.30,79.30,61.37,66.66,70.42
78.81,78.81,60.71,66.40,67.92
78.80,78.80,63.16,66.10,66.09
77.33,77.33,68.80,65.45,69.20
76.51,76.51,72.56,62.58,67.66
72.99,72.99,66.00,55.71,66.23
69.28,69.28,59.89,48.74,64.68
66.95,66.95,58.66,41.12,64.46
66.83,66.83,59.65,35.36,63.09
66.37,66.37,64.45,24.79,61.61
66.83,66.83,76.49,34.60,62.71
66.25,66.25,90.55,44.81,63.24
69.27,69.27,74.98,50.39,61.58
68.68,68.68,67.44,53.75,60.14
72.03,72.03,63.79,48.81,62.73
76.65,76.65,63.81,48.09,65.49
78.15,78.15,64.16,50.13,64.61
78.30,78.30,69.94,49.30,63.28
77.39,77.39,66.34,47.48,62.94
76.94,76.94,63.46,49.92,63.50
79.22,79.22,59.57,51.34,66.84
78.72,78.72,60.81,50.81,67.64
79.44,79.44,63.18,48.43,67.80
76.88,76.88,67.11,53.85,68.66
75.57,75.57,79.19,56.65,70.69
73.55,73.55,76.53,61.56,73.22
71.23,71.23,74.18,61.68,71.83
70.17,70.17,73.16,64.36,72.28
67.59,67.59,71.36,62.95,68.51
65.17,65.17,66.67,64.80,68.25
62.66,62.66,69.28,65.58,66.05
61.03,61.03,71.60,63.43,66.19
59.37,59.37,62.90,56.85,61.69
58.89,58.89,54.04,49.81,55.73
56.26,56.26,51.75,43.16,49.55
51.67,51.67,56.74,35.53,48.46
47.00,47.00,58.71,33.16,51.63
52.12,52.12,76.73,49.50,63.26
46.93,46.93,89.61,56.31,67.70
44.62,44.62,77.13,62.41,64.72
42.75,42.75,66.45,63.22,58.72
40.19,40.19,57.43,61.77,59.48
40.80,40.80,56.42,63.09,60.01
39.72,39.72,56.79,63.85,60.97
48.85,48.85,70.03,65.60,63.44
45.44,45.44,65.39,66.78,64.42
45.91,45.91,56.42,66.77,65.55
51.22,51.22,50.59,66.94,66.28
48.42,48.42,50.74,67.59,65.22
44.05,44.05,54.65,67.65,65.44
43.00,43.00,60.55,68.33,66.49
41.16,41.16,72.99,65.40,63.06
43.85,43.85,64.85,60.62,59.31
42.94,42.94,54.54,54.60,56.39
48.18,48.18,52.72,48.07,58.60
45.34,45.34,53.15,46.66,54.76
40.75,40.75,55.45,39.98,53.95
35.56,35.56,69.08,48.18,60.05
36.41,36.41,81.65,63.33,72.77
34.04,34.04,75.74,65.98,74.00
33.15,33.15,73.11,66.75,72.58
36.00,36.00,71.11,65.88,72.44
30.93,30.93,69.49,63.84,70.58
29.54,29.54,72.94,59.10,68.33
35.84,35.84,83.56,60.85,67.68
33.24,33.24,88.02,59.45,66.33
33.01,33.01,69.34,59.11,64.92
37.28,37.28,60.16,57.05,59.93
38.88,38.88,57.29,58.06,54.77
35.95,35.95,56.48,58.18,55.80
34.67,34.67,57.69,59.03,56.50
38.68,38.68,72.32,57.34,56.87
39.67,39.67,65.29,56.18,55.99
44.46,44.46,60.50,50.36,51.29
48.30,48.30,57.04,43.69,51.18
46.59,46.59,55.39,36.17,54.44
42.20,42.20,54.70,39.81,50.73
34.90,34.90,62.52,43.35,55.83
30.14,30.14,79.17,60.21,70.26
33.45,33.45,73.46,66.09,71.14
35.77,35.77,71.54,66.48,72.72
35.60,35.60,70.64,67.92,71.87
37.79,37.79,67.70,66.01,71.46
36.19,36.19,64.87,64.87,70.43
38.27,38.27,70.64,65.74,68.83
37.65,37.65,69.45,65.25,66.83
43.82,43.82,64.12,66.12,67.32
46.52,46.52,60.49,65.67,66.34
49.54,49.54,60.17,63.31,65.45
54.24,54.24,62.62,62.26,63.46
63.02,63.02,67.47,58.62,60.11
71.82,71.82,83.51,56.26,67.41
74.71,74.71,85.16,54.03,68.37
78.95,78.95,70.43,55.39,68.87
78.15,78.15,58.60,47.59,64.38
77.37,77.37,59.10,47.54,63.05
73.41,73.41,65.54,50.76,59.65
69.50,69.50,67.99,54.03,58.96
72.68,72.68,71.57,64.36,67.10
73.89,73.89,73.28,64.52,69.42
77.02,77.02,74.29,66.35,70.60
76.45,76.45,73.10,64.61,69.80
76.62,76.62,70.59,65.68,70.38
74.79,74.79,67.67,63.77,69.84
74.38,74.38,65.35,62.77,68.60
71.62,71.62,64.03,65.44,67.17
72.71,72.71,64.69,63.04,67.10
78.44,78.44,66.97,63.59,66.65
77.93,77.93,65.62,63.09,65.43
77.17,77.17,61.67,63.43,65.36
76.18,76.18,63.58,62.23,65.07
77.25,77.25,71.39,61.78,65.72
75.71,75.71,69.30,58.55,62.65
71.90,71.90,64.78,54.82,61.38
66.07,66.07,62.63,48.37,56.90
60.68,60.68,61.63,48.76,54.57
55.92,55.92,64.59,45.22,53.32
65.12,65.12,64.92,53.66,58.53
72.58,72.58,87.14,62.53,66.49
70.59,70.59,83.08,58.62,67.36
75.50,75.50,67.09,62.28,67.78
76.95,76.95,60.32,60.04,63.17
76.49,76.49,62.56,59.45,65.39
77.43,77.43,63.52,61.27,64.98
78.37,78.37,67.21,61.55,66.51
77.91,77.91,67.56,60.63,63.61
79.77,79.77,65.45,57.44,63.06
80.48,80.48,62.59,59.77,61.99
80.08,80.08,59.73,51.69,62.25
76.20,76.20,61.54,50.99,66.20
79.15,79.15,65.17,53.52,65.79
81.28,81.28,71.48,52.34,69.05
80.59,80.59,73.04,55.12,72.07
79.50,79.50,73.95,55.19,72.20
77.98,77.98,71.34,56.15,69.67
77.43,77.43,68.20,49.10,72.63
76.06,76.06,71.65,53.28,71.10
76.88,76.88,67.34,50.06,73.28
77.46,77.46,73.28,53.89,71.33
76.67,76.67,66.78,46.57,67.39
68.55,68.55,59.42,44.83,69.92
64.58,64.58,52.07,44.14,68.46
74.00,74.00,55.49,40.55,66.52
74.30,74.30,56.51,39.62,66.46
74.12,74.12,64.06,49.21,63.97
69.86,69.86,90.23,60.70,57.98
70.59,70.59,81.42,60.10,54.61
73.79,73.79,68.66,60.69,57.23
79.49,79.49,61.10,62.64,60.81
81.53,81.53,58.43,56.38,59.74
80.26,80.26,58.74,59.91,62.57
79.25,79.25,64.85,63.69,64.14
80.06,80.06,66.28,63.00,59.01
80.23,80.23,62.59,65.76,65.30
80.78,80.78,59.35,62.74,61.62
82.06,82.06,58.12,64.49,64.01
79.82,79.82,60.77,63.15,64.24
79.78,79.78,62.48,58.99,61.83
78.70,78.70,70.71,62.10,65.95
77.33,77.33,67.69,56.30,60.28
77.85,77.85,63.03,57.78,66.01
75.04,75.04,60.25,55.16,65.91
76.05,76.05,59.60,45.87,65.10
76.35,76.35,61.06,49.80,66.25
75.66,75.66,62.28,50.89,66.24
73.52,73.52,74.29,59.31,67.36
70.79,70.79,75.93,63.20,69.56
70.29,70.29,74.83,58.01,67.46
70.54,70.54,75.12,60.28,70.76
70.76,70.76,72.84,55.56,67.55
70.57,70.57,73.35,56.92,64.71
70.26,70.26,75.47,60.01,65.68
72.04,72.04,89.98,60.94,66.29
75.62,75.62,77.41,59.58,61.29
77.25,77.25,67.83,56.04,64.87
77.67,77.67,64.71,51.86,64.09
77.92,77.92,65.10,52.76,61.71
77.73,77.73,65.48,49.62,61.28
77.58,77.58,70.36,51.85,64.06
76.69,76.69,69.14,52.58,65.42
76.43,76.43,66.03,53.77,64.63
76.49,76.49,61.96,48.56,62.77
75.89,75.89,58.97,46.93,62.06
75.98,75.98,59.05,42.03,62.83
75.85,75.85,60.93,46.10,60.82
76.62,76.62,75.30,60.15,68.90
74.45,74.45,74.43,62.39,67.59
77.28,77.28,77.43,66.00,70.32
77.06,77.06,73.99,66.07,69.02
76.94,76.94,72.97,65.74,68.48
76.64,76.64,71.93,65.65,72.32
75.41,75.41,71.49,60.00,60.10
75.67,75.67,74.62,58.86,63.48
74.92,74.92,69.30,60.42,63.67
73.64,73.64,68.15,59.16,59.48
70.89,70.89,67.77,57.10,63.80
67.82,67.82,64.46,51.00,57.30
68.95,68.95,68.65,52.31,58.68
69.39,69.39,72.77,54.87,63.14
65.77,65.77,90.05,50.90,64.09
70.80,70.80,75.68,54.44,59.72
72.88,72.88,63.68,54.15,60.42
74.66,74.66,59.26,59.11,59.18
75.62,75.62,60.37,57.47,58.31
74.85,74.85,63.50,56.73,58.31
74.28,74.28,68.73,58.96,62.92
72.87,72.87,71.95,59.96,63.57
73.14,73.14,73.12,58.87,66.61
75.23,75.23,71.91,63.19,70.09
74.30,74.30,70.57,56.38,64.31
76.19,76.19,70.11,59.40,65.55
75.60,75.60,68.46,56.81,61.14
76.24,76.24,67.61,55.69,64.73
73.50,73.50,64.51,60.75,66.78
73.96,73.96,62.24,55.26,65.18
75.50,75.50,61.35,62.31,67.71
77.07,77.07,59.40,56.09,67.63
73.27,73.27,61.59,56.97,68.68
74.41,74.41,67.08,55.97,71.15
74.54,74.54,70.89,49.88,71.09
73.64,73.64,63.85,53.37,70.91
71.70,71.70,57.33,45.61,67.68
67.82,67.82,56.28,41.85,65.27
63.47,63.47,59.23,42.07,62.02
65.82,65.82,63.84,39.47,57.14
69.74,69.74,78.20,40.28,59.55
69.96,69.96,89.93,39.72,54.23
75.38,75.38,75.13,49.26,54.53
74.02,74.02,64.65,49.79,51.03
71.88,71.88,59.16,41.69,48.76
70.42,70.42,57.84,43.28,50.56
72.86,72.86,57.84,50.32,58.87
74.76,74.76,65.18,52.43,63.76
73.70,73.70,62.27,46.97,63.74
75.53,75.53,53.78,45.46,65.58
75.25,75.25,48.17,44.69,67.18
74.93,74.93,52.46,43.64,66.70
74.25,74.25,58.58,49.11,68.70
73.88,73.88,66.54,54.16,71.17
74.42,74.42,79.49,65.01,79.82
73.68,73.68,78.09,63.54,74.54
72.95,72.95,77.86,66.35,72.54
72.21,72.21,75.15,64.24,72.69
71.21,71.21,72.83,65.39,62.36
71.44,71.44,73.13,62.06,71.06
72.11,72.11,72.95,64.22,63.81
70.42,70.42,72.01,60.44,58.18
67.07,67.07,65.79,55.22,58.52
65.83,65.83,58.67,47.72,47.33
65.19,65.19,53.01,41.92,46.76
59.29,59.29,54.54,35.02,45.48
53.15,53.15,55.87,40.59,47.72
57.75,57.75,77.94,54.61,55.72
48.61,48.61,88.86,60.18,54.99
52.56,52.56,69.66,66.15,52.30
48.40,48.40,67.25,65.49,59.04
45.17,45.17,63.11,60.64,54.74
46.96,46.96,61.45,57.50,58.94
44.08,44.08,59.25,62.18,61.04
48.48,48.48,71.15,57.25,63.15
46.98,46.98,65.53,60.76,67.16
46.46,46.46,55.51,63.92,68.24
47.29,47.29,51.70,61.31,66.98
48.69,48.69,52.86,60.71,70.11
46.99,46.99,55.93,61.03,67.38
44.68,44.68,62.29,62.73,66.89
49.92,49.92,73.14,61.34,66.96
48.20,48.20,64.97,56.95,61.85
49.34,49.34,56.50,55.42,56.57
53.50,53.50,52.46,48.18,48.92
53.93,53.93,54.70,47.09,49.29
44.88,44.88,56.46,48.30,51.82
41.39,41.39,67.25,53.71,55.98
39.61,39.61,73.27,65.60,70.11
39.41,39.41,75.96,67.90,69.27
43.18,43.18,71.47,68.40,73.62
41.72,41.72,66.01,65.11,70.26
36.06,36.06,68.28,61.43,72.55
32.96,32.96,69.06,57.99,68.24
40.04,40.04,85.23,61.53,66.43
33.70,33.70,87.04,58.82,61.42
34.95,34.95,71.06,60.06,61.49
33.05,33.05,54.70,53.56,50.25
38.62,38.62,59.25,51.99,54.28
42.79,42.79,57.02,52.72,56.60
39.77,39.77,59.86,53.01,54.59
40.44,40.44,73.83,53.87,55.45
40.93,40.93,64.56,51.76,54.51
47.71,47.71,58.74,45.73,56.28
44.19,44.19,55.28,47.27,56.13
48.17,48.17,53.73,46.47,59.73
45.27,45.27,57.81,45.87,56.97
33.66,33.66,66.67,53.59,58.31
27.66,27.66,83.61,67.12,70.76
27.84,27.84,78.22,69.23,67.50
27.42,27.42,79.19,69.14,70.16
30.02,30.02,75.77,69.47,73.08
27.50,27.50,74.82,67.74,65.75
23.26,23.26,72.67,66.46,71.34
26.60,26.60,74.99,65.21,65.56
26.65,26.65,70.75,65.43,66.35
32.23,32.23,68.30,65.13,68.71
39.77,39.77,66.93,65.94,66.86
36.47,36.47,66.22,66.10,62.15
30.56,30.56,71.54,63.63,63.22
31.59,31.59,70.05,63.33,50.78
35.36,35.36,88.69,63.00,57.34
30.30,30.30,85.73,59.32,44.69
32.67,32.67,68.71,56.69,52.17
31.01,31.01,55.56,51.81,48.34
30.18,30.18,52.14,43.82,45.15
22.03,22.03,52.55,44.55,49.77
17.97,17.97,60.82,51.82,53.85
20.23,20.23,74.07,66.02,69.61
22.61,22.61,72.37,71.15,70.36
23.18,23.18,72.10,70.29,69.55
24.25,24.25,70.98,70.29,72.68
22.08,22.08,69.52,69.38,68.48
15.93,15.93,67.41,68.13,66.65
14.04,14.04,72.10,65.69,68.46
17.18,17.18,69.82,64.23,63.90
23.34,23.34,64.85,65.15,66.90
26.49,26.49,61.31,63.41,66.99
28.49,28.49,60.58,63.54,66.57
26.90,26.90,59.76,63.70,69.03
21.92,21.92,58.07,62.82,67.21
31.22,31.22,72.32,60.55,65.08
38.84,38.84,67.24,60.89,66.89
46.95,46.95,57.64,60.35,60.06
52.03,52.03,55.98,49.04,61.94
67.66,67.66,65.81,40.08,71.28
67.69,67.69,69.30,40.83,69.97
69.13,69.13,71.04,37.07,69.25
68.33,68.33,88.77,49.16,74.89
69.23,69.23,81.54,51.76,74.67
72.85,72.85,64.99,52.42,74.31
72.44,72.44,61.23,55.88,76.85
71.91,71.91,62.13,60.98,76.62
69.77,69.77,62.27,61.17,77.27
66.00,66.00,67.08,60.39,76.40
66.33,66.33,67.92,59.55,77.19
64.73,64.73,64.69,59.23,76.47
62.52,62.52,59.55,58.67,75.80
63.47,63.47,59.67,56.35,76.55
59.49,59.49,64.30,53.54,75.47
55.05,55.05,67.99,52.33,74.40
53.00,53.00,77.81,55.83,73.28
49.34,49.34,81.37,61.84,75.18
51.37,51.37,76.74,63.25,73.33
51.36,51.36,72.92,65.38,72.80
49.72,49.72,71.20,63.49,71.56
48.20,48.20,68.00,63.14,73.04
48.83,48.83,65.95,62.00,70.00
51.13,51.13,71.64,62.61,68.37
47.32,47.32,65.48,61.87,70.66
48.92,48.92,57.47,52.10,67.35
50.55,50.55,51.65,54.27,66.35
48.57,48.57,53.26,48.63,70.52
44.65,44.65,60.32,44.21,67.80
44.49,44.49,66.50,53.73,61.98
47.49,47.49,90.87,61.17,63.92
42.79,42.79,78.79,63.68,64.15
46.20,46.20,68.94,61.92,62.45
41.22,41.22,63.36,60.05,60.06
38.67,38.67,57.26,60.88,58.68
33.74,33.74,53.95,61.92,59.30
33.57,33.57,63.53,61.19,61.63
34.63,34.63,66.72,63.18,64.22
31.44,31.44,58.19,63.03,65.89
35.91,35.91,48.89,64.87,66.07
36.59,36.59,49.70,63.92,65.00
31.75,31.75,52.18,64.02,65.54
20.33,20.33,57.99,65.34,65.03
25.64,25.64,79.01,63.74,63.77
25.93,25.93,81.18,58.94,59.17
26.18,26.18,75.45,57.42,53.38
28.81,28.81,70.91,51.68,49.79
30.49,30.49,66.49,47.45,50.04
26.69,26.69,61.66,46.42,49.57
19.83,19.83,59.72,50.06,58.85
22.83,22.83,79.09,60.06,72.70
21.80,21.80,75.58,63.07,72.84
20.75,20.75,69.98,64.42,73.59
21.94,21.94,65.64,64.41,73.93
21.16,21.16,67.50,62.83,71.91
19.93,19.93,72.76,59.40,67.33
29.67,29.67,76.61,61.76,61.33
29.49,29.49,90.42,61.52,64.90
26.85,26.85,76.69,57.57,62.34
26.77,26.77,66.65,58.17,59.34
30.54,30.54,54.54,54.81,57.80
30.85,30.85,56.24,49.81,56.64
23.53,23.53,56.61,54.03,57.92
19.77,19.77,68.09,51.82,58.46
23.65,23.65,67.25,54.79,59.17
31.63,31.63,60.87,52.27,57.68
38.41,38.41,57.67,45.74,54.72
41.61,41.61,55.19,46.10,50.90
40.49,40.49,56.05,46.93,49.13
28.85,28.85,55.74,48.08,52.64
31.41,31.41,81.72,54.56,64.24
34.52,34.52,80.71,63.95,71.06
36.68,36.68,76.23,65.40,70.44
37.49,37.49,70.90,65.98,70.01
38.79,38.79,67.51,64.34,69.06
36.81,36.81,63.89,64.98,69.10
38.06,38.06,62.25,64.11,69.40
42.27,42.27,70.57,64.97,68.80
42.47,42.47,61.50,63.66,67.89
45.26,45.26,54.68,64.64,67.84
47.55,47.55,52.47,63.41,66.19
54.06,54.06,57.22,61.24,64.74
55.15,55.15,66.66,57.63,60.65
67.76,67.76,74.20,57.22,63.22
65.95,65.95,89.60,56.05,70.53
69.62,69.62,72.47,55.31,68.76
72.84,72.84,61.49,62.42,71.27
72.19,72.19,56.07,58.92,69.78
72.55,72.55,58.94,60.63,68.97
72.69,72.69,60.68,60.77,69.13
73.62,73.62,68.74,61.73,72.68
71.96,71.96,70.95,62.94,73.60
73.57,73.57,68.98,59.35,71.87
73.45,73.45,64.76,60.87,71.38
72.13,72.13,63.16,65.14,68.87
72.78,72.78,63.62,63.71,69.96
70.09,70.09,67.64,60.96,70.57
69.82,69.82,82.75,59.82,70.73
74.76,74.76,78.55,60.36,68.67
74.79,74.79,74.01,58.70,67.12
76.99,76.99,69.41,57.93,67.27
77.39,77.39,67.14,59.14,70.66
76.05,76.05,65.25,62.57,67.71
76.21,76.21,67.56,60.98,65.41
74.60,74.60,68.16,58.46,67.57
71.29,71.29,60.93,50.68,65.69
70.97,70.97,56.89,49.48,63.37
71.28,71.28,53.15,44.75,63.09
72.10,72.10,56.01,38.76,60.73
72.52,72.52,62.13,42.71,59.42
72.65,72.65,79.75,52.90,62.55
73.43,73.43,88.72,56.92,57.74
73.95,73.95,73.13,59.63,57.75
74.67,74.67,61.22,59.21,58.65
76.60,76.60,55.04,60.01,57.06
78.15,78.15,57.33,59.18,56.96
77.85,77.85,60.91,58.50,55.77
76.13,76.13,65.50,57.61,57.85
76.92,76.92,61.55,55.27,61.27
76.33,76.33,55.77,55.98,65.88
76.62,76.62,54.52,54.48,70.00
77.65,77.65,59.57,60.70,70.12
75.92,75.92,64.56,56.32,69.14
74.28,74.28,69.94,56.51,69.41
74.44,74.44,83.02,61.28,72.00
72.67,72.67,78.71,61.85,72.30
71.80,71.80,74.61,59.44,72.81
71.80,71.80,71.15,60.66,70.26
69.98,69.98,68.12,62.20,71.51
68.99,68.99,65.24,61.32,70.57
66.70,66.70,69.33,61.90,67.94
63.90,63.90,69.10,60.36,66.95
58.86,58.86,62.12,54.75,62.16
58.31,58.31,55.12,46.00,63.25
59.72,59.72,52.77,45.56,59.53
51.87,51.87,53.09,40.59,51.04
48.00,48.00,58.53,43.15,54.11
53.54,53.54,82.72,60.00,65.00
57.08,57.08,86.12,62.18,66.41
51.82,51.82,72.90,62.35,66.49
47.13,47.13,60.52,64.71,65.33
46.88,46.88,56.71,65.17,62.35
43.26,43.26,50.62,63.93,61.25
43.55,43.55,50.00,64.43,62.90
48.61,48.61,71.19,65.93,63.78
50.23,50.23,63.00,65.96,65.14
52.29,52.29,52.97,67.59,67.44
52.38,52.38,48.37,67.15,66.96
49.07,49.07,55.12,66.83,67.95
46.84,46.84,59.36,65.92,67.80
45.30,45.30,67.50,61.58,66.41
45.32,45.32,82.88,61.79,63.72
41.37,41.37,78.05,56.54,60.61
43.72,43.72,72.34,51.35,56.79
45.34,45.34,66.90,45.32,57.34
47.84,47.84,64.53,48.15,59.76
42.17,42.17,59.55,43.81,58.26
39.03,39.03,71.92,58.19,63.86
41.61,41.61,76.38,64.76,71.99
42.77,42.77,77.08,67.68,75.30
42.48,42.48,71.98,65.70,73.11
41.43,41.43,68.47,64.72,71.99
39.31,39.31,67.79,61.18,68.90
37.15,37.15,71.98,60.45,61.60
39.58,39.58,86.92,66.22,63.57
37.34,37.34,86.93,54.63,60.55
35.87,35.87,65.96,55.13,57.47
38.06,38.06,57.79,50.65,53.89
42.36,42.36,55.05,53.44,56.35
42.25,42.25,55.44,54.57,57.19
45.96,45.96,60.73,56.35,60.64
50.75,50.75,70.04,54.66,58.15
45.76,45.76,62.93,53.88,58.04
47.38,47.38,56.17,47.83,57.39
49.60,49.60,55.13,41.68,59.35
47.69,47.69,57.14,46.96,59.54
39.97,39.97,61.09,49.83,56.29
36.66,36.66,71.44,51.72,58.91
34.92,34.92,82.55,63.86,70.72
31.46,31.46,78.07,63.74,73.18
33.38,33.38,72.43,64.68,73.75
36.02,36.02,67.17,66.58,72.89
34.62,34.62,63.32,64.23,69.93
32.99,32.99,59.50,65.78,69.73
40.53,40.53,68.76,61.24,68.80
36.75,36.75,65.59,62.60,67.18
39.21,39.21,55.24,63.07,68.45
44.59,44.59,52.10,61.24,67.41
60.90,60.90,58.73,58.91,65.75
70.64,70.64,64.43,55.31,65.68
72.59,72.59,69.16,53.26,59.67
69.04,69.04,88.77,58.43,63.34
69.10,69.10,84.27,53.63,59.31
68.40,68.40,68.77,54.93,60.11
75.40,75.40,65.66,57.22,59.46
78.92,78.92,62.33,53.52,64.08
77.52,77.52,57.89,52.98,60.05
75.23,75.23,60.72,58.32,64.52
74.84,74.84,63.04,65.66,71.15
73.47,73.47,60.66,64.74,74.72
74.95,74.95,56.81,64.92,74.05
71.32,71.32,52.93,65.53,71.63
67.43,67.43,55.50,62.39,70.55
63.60,63.60,62.44,63.63,69.52
68.57,68.57,74.03,60.44,69.42
71.52,71.52,79.01,59.20,68.82
69.35,69.35,72.84,62.34,69.09
71.24,71.24,66.85,61.27,67.73
73.61,73.61,65.07,63.71,67.23
74.07,74.07,63.04,62.95,66.21
72.98,72.98,64.15,60.71,67.23
72.46,72.46,69.37,60.66,66.97
72.11,72.11,65.76,54.55,64.08
68.18,68.18,57.63,52.75,63.88
67.40,67.40,52.73,50.46,61.57
63.58,63.58,54.62,46.08,63.76
61.31,61.31,61.63,41.34,62.86
70.24,70.24,66.97,51.31,68.44
74.11,74.11,87.13,63.25,74.63
77.11,77.11,78.36,57.49,72.23
77.03,77.03,63.20,59.64,71.52
77.57,77.57,54.05,59.86,69.34
79.17,79.17,52.00,55.51,68.18
77.94,77.94,57.60,57.19,67.38
77.73,77.73,62.19,55.91,70.18
77.13,77.13,61.42,56.86,68.93
75.12,75.12,57.51,57.89,69.32
76.13,76.13,51.18,56.25,69.99
77.94,77.94,47.64,53.61,73.85
77.40,77.40,52.37,50.04,74.36
76.58,76.58,62.65,47.31,71.54
77.78,77.78,76.87,58.39,71.80
75.01,75.01,80.01,63.00,68.84
71.46,71.46,79.39,64.39,69.00
74.87,74.87,76.45,64.88,68.57
81.79,81.79,76.83,63.55,71.87
81.71,81.71,73.91,62.31,68.86
82.46,82.46,73.13,60.91,65.52
80.58,80.58,73.15,58.76,68.29
79.82,79.82,66.68,52.31,65.33
78.25,78.25,60.87,50.09,62.58
77.49,77.49,54.54,48.02,64.99
75.32,75.32,50.77,41.96,67.03
74.04,74.04,58.33,44.08,66.91
77.11,77.11,69.65,56.81,66.34
76.50,76.50,89.63,58.34,69.40
79.82,79.82,78.14,57.86,64.71
80.41,80.41,70.65,64.73,65.80
79.47,79.47,66.63,61.51,61.44
78.80,78.80,65.55,61.51,63.27
78.76,78.76,64.78,58.45,61.47
79.41,79.41,67.73,58.36,63.00
78.89,78.89,65.76,61.70,65.03
79.15,79.15,64.67,61.44,63.71
78.84,78.84,63.78,62.40,66.23
77.65,77.65,63.56,60.92,65.41
76.53,76.53,65.26,60.36,65.49
69.26,69.26,67.81,59.99,63.19
66.18,66.18,81.23,58.48,65.89
62.80,62.80,79.08,52.23,65.61
65.01,65.01,73.69,48.95,63.89
71.41,71.41,69.28,47.32,65.48
75.18,75.18,65.12,46.27,66.04
74.59,74.59,63.32,46.55,67.08
74.00,74.00,64.62,52.63,67.52
73.60,73.60,72.55,55.35,68.91
71.07,71.07,76.15,58.75,73.02
69.39,69.39,74.02,60.24,69.28
68.19,68.19,74.57,61.24,70.27
66.73,66.73,73.66,62.03,70.98
66.00,66.00,70.07,61.47,65.33
72.49,72.49,77.46,64.66,69.00
72.35,72.35,89.38,62.72,70.17
77.01,77.01,76.92,61.61,70.24
77.02,77.02,67.43,59.73,67.61
74.96,74.96,62.29,60.31,63.99
75.63,75.63,60.34,60.32,63.26
77.18,77.18,62.41,61.47,64.59
77.10,77.10,68.49,59.87,64.97
75.99,75.99,65.37,58.80,65.23
77.20,77.20,61.81,56.81,64.62
75.71,75.71,56.04,52.90,64.24
75.24,75.24,57.94,57.94,64.45
71.94,71.94,59.75,53.92,65.38
68.01,68.01,64.33,59.24,67.89
66.74,66.74,82.99,54.93,68.32
68.14,68.14,79.73,55.60,70.20
70.31,70.31,76.61,59.16,73.95
71.71,71.71,73.43,62.41,68.77
70.68,70.68,71.77,60.53,66.85
72.20,72.20,70.92,60.37,70.28
71.35,71.35,70.44,55.31,68.78
70.03,70.03,70.65,56.45,68.04
67.70,67.70,67.07,59.74,68.03
67.58,67.58,65.01,54.45,68.75
68.87,68.87,62.44,60.02,71.06
65.50,65.50,64.29,56.11,67.15
65.40,65.40,65.76,53.42,67.05
73.93,73.93,77.50,59.68,72.54
70.75,70.75,87.65,54.23,76.52
73.47,73.47,69.23,55.27,72.47
73.35,73.35,58.99,56.90,66.11
73.75,73.75,51.80,53.64,64.96
73.60,73.60,52.18,52.64,63.79
73.85,73.85,58.88,56.66,65.67
75.39,75.39,69.33,61.54,72.87
74.48,74.48,72.78,54.12,71.99
73.08,73.08,74.21,63.33,77.49
66.18,66.18,75.34,59.22,75.09
66.65,66.65,74.89,60.99,76.11
61.42,61.42,73.76,58.56,73.42
61.65,61.65,72.51,58.01,68.58
75.03,75.03,81.72,60.62,71.03
70.66,70.66,75.53,58.70,65.64
71.83,71.83,69.43,54.87,69.06
74.93,74.93,66.12,53.11,68.07
75.19,75.19,62.97,50.03,65.25
75.30,75.30,64.87,58.34,69.80
74.27,74.27,69.57,53.25,66.47
75.07,75.07,69.87,52.80,67.71
73.18,73.18,65.76,50.02,66.78
70.86,70.86,58.89,45.94,62.82
70.34,70.34,54.75,40.04,63.74
65.63,65.63,54.18,37.58,60.32
64.33,64.33,58.89,39.92,59.31
64.24,64.24,67.50,42.24,68.38
59.94,59.94,63.97,32.72,71.34
62.59,62.59,60.87,38.57,72.09
63.66,63.66,57.40,37.91,71.38
66.08,66.08,62.75,34.54,70.36
62.10,62.10,62.77,43.53,74.45
67.67,67.67,65.86,59.90,74.91
69.71,69.71,68.99,60.59,74.48
69.71,69.71,64.60,62.10,71.21
69.18,69.18,59.01,61.60,73.48
70.10,70.10,58.37,56.32,73.84
69.48,69.48,61.35,59.51,75.26
68.06,68.06,64.81,60.52,74.30
65.93,65.93,73.63,57.93,73.34
63.19,63.19,83.25,55.39,71.78
61.83,61.83,79.22,58.79,75.57
64.43,64.43,73.11,59.66,74.39
64.98,64.98,69.36,58.51,75.36
63.81,63.81,65.94,57.53,70.64
63.09,63.09,65.72,56.21,71.18
62.70,62.70,69.93,55.98,72.89
64.29,64.29,67.81,54.21,67.95
64.11,64.11,62.24,49.60,64.56
63.55,63.55,56.91,45.23,63.19
68.13,68.13,54.68,39.16,62.51
65.29,65.29,61.69,42.84,61.35
61.43,61.43,66.93,46.28,58.19
61.32,61.32,79.17,59.34,66.62
61.88,61.88,77.51,62.34,70.53
67.01,67.01,84.21,64.09,71.57
57.71,57.71,81.28,61.84,68.59
60.91,60.91,73.78,60.96,68.64
62.73,62.73,68.21,60.92,69.64
62.97,62.97,64.95,59.83,67.59
68.28,68.28,69.36,59.60,72.17
65.56,65.56,62.48,62.99,70.81
65.75,65.75,56.29,63.61,72.07
61.99,61.99,52.20,64.74,74.30
56.63,56.63,53.31,65.10,72.78
47.38,47.38,55.22,62.05,70.57
43.94,43.94,68.07,60.16,72.78
46.14,46.14,82.76,58.99,65.30
42.49,42.49,77.28,54.82,64.24
46.27,46.27,71.04,49.18,60.16
49.14,49.14,65.94,48.28,56.58
48.40,48.40,62.21,52.57,54.67
42.81,42.81,58.36,49.56,57.98
42.92,42.92,67.41,56.90,66.56
40.95,40.95,67.25,60.55,77.39
41.05,41.05,60.68,64.65,78.38
41.68,41.68,58.34,65.25,76.11
45.73,45.73,58.05,64.39,71.18
44.27,44.27,60.60,63.13,75.33
44.11,44.11,57.69,61.79,69.88
43.35,43.35,67.13,56.44,61.60
43.77,43.77,59.87,53.77,65.02
43.74,43.74,50.75,55.40,62.12
45.03,45.03,47.88,52.06,59.67
41.24,41.24,48.82,52.13,61.52
38.13,38.13,49.56,54.87,61.56
40.33,40.33,57.46,57.23,62.22
42.82,42.82,70.40,57.35,65.10
45.99,45.99,62.79,50.04,60.74
46.21,46.21,54.70,49.69,57.84
51.71,51.71,50.82,43.68,56.80
54.38,54.38,51.93,38.50,56.69
52.84,52.84,55.58,41.22,52.93
48.41,48.41,70.25,53.15,58.51
42.82,42.82,82.00,63.54,73.41
37.27,37.27,75.78,63.78,74.24
35.12,35.12,70.48,64.36,76.55
34.60,34.60,67.44,63.90,72.87
38.78,38.78,62.24,63.52,72.98
40.41,40.41,58.06,63.22,74.55
43.54,43.54,69.64,59.12,70.09
39.15,39.15,64.64,61.10,72.96
42.70,42.70,54.50,60.41,70.29
44.79,44.79,49.59,57.71,67.75
47.33,47.33,53.57,60.07,73.07
44.98,44.98,58.67,61.16,69.56
36.43,36.43,66.86,57.11,64.72
40.75,40.75,78.48,52.34,67.34
41.25,41.25,80.30,52.06,66.45
40.15,40.15,83.00,60.37,71.10
34.67,34.67,79.02,62.69,68.76
35.99,35.99,73.02,62.70,68.39
41.85,41.85,69.03,63.15,68.73
48.92,48.92,63.91,63.85,71.57
51.83,51.83,62.30,63.50,70.88
56.49,56.49,63.13,63.09,70.16
57.32,57.32,57.97,62.68,72.44
56.68,56.68,59.52,62.55,71.58
59.53,59.53,59.48,60.84,70.45
61.51,61.51,60.17,59.03,71.75
63.40,63.40,58.75,57.66,71.58
65.50,65.50,59.06,56.94,72.00
65.37,65.37,56.89,57.10,72.02
66.17,66.17,56.58,54.95,70.71
67.04,67.04,59.25,52.94,71.73
67.80,67.80,59.07,52.46,70.92
68.19,68.19,59.65,54.32,69.05
68.48,68.48,59.63,54.95,68.14
67.69,67.69,57.35,50.51,65.47
67.99,67.99,54.05,48.00,60.00
71.49,71.49,54.93,44.14,55.09
72.11,72.11,54.93,43.43,53.09
74.44,74.44,57.27,45.75,54.04
74.63,74.63,66.96,56.66,65.07
73.73,73.73,88.80,58.69,73.99
74.91,74.91,77.07,50.50,72.26
74.56,74.56,62.43,53.12,73.15
77.47,77.47,58.47,53.52,68.76
77.46,77.46,58.38,54.63,70.23
77.56,77.56,61.60,54.45,69.77
77.03,77.03,67.14,55.90,67.37
79.58,79.58,66.58,54.81,66.53
78.19,78.19,60.97,56.94,66.45
79.59,79.59,58.82,53.12,63.48
78.61,78.61,58.87,50.12,62.46
77.39,77.39,61.55,50.59,62.58
77.32,77.32,66.55,55.28,67.55
77.68,77.68,78.87,62.13,77.58
82.05,82.05,77.04,65.16,79.06
84.69,84.69,72.89,65.67,76.90
83.59,83.59,67.39,64.37,75.55
83.38,83.38,63.32,65.86,74.28
81.80,81.80,60.38,63.58,72.27
80.62,80.62,61.05,64.62,71.82
74.27,74.27,70.75,60.34,72.08
68.34,68.34,62.42,58.57,64.48
72.52,72.52,55.57,54.29,61.25
70.50,70.50,54.44,47.46,59.81
67.63,67.63,58.38,39.03,59.17
66.07,66.07,63.98,39.37,56.52
68.34,68.34,74.24,52.92,67.28
67.45,67.45,89.20,57.22,73.87
69.71,69.71,83.68,62.60,73.92
69.53,69.53,81.95,62.85,76.57
66.75,66.75,76.84,65.16,77.22
67.77,67.77,69.67,65.98,77.30
63.69,63.69,66.60,65.60,76.15
57.82,57.82,67.77,66.17,76.80
60.88,60.88,65.66,66.99,75.61
59.41,59.41,60.07,65.66,77.20
55.86,55.86,55.18,64.89,75.55
55.92,55.92,54.26,62.97,71.84
52.33,52.33,60.11,61.47,71.15
47.84,47.84,62.04,59.99,70.83
51.74,51.74,82.02,56.88,69.79
46.64,46.64,80.55,53.30,68.27
45.57,45.57,72.11,50.24,67.61
47.95,47.95,68.67,46.14,64.19
46.96,46.96,64.83,44.78,64.65
46.26,46.26,63.66,47.20,64.85
54.74,54.74,62.51,57.01,68.10
57.57,57.57,68.29,67.20,85.83
50.91,50.91,59.94,70.68,86.33
48.49,48.49,53.40,69.89,84.42
51.27,51.27,49.67,69.41,83.24
55.92,55.92,58.49,66.50,82.28
53.50,53.50,69.54,63.61,80.28
51.54,51.54,77.31,66.61,75.11
46.04,46.04,90.44,60.85,71.20
46.73,46.73,75.76,58.79,67.60
42.18,42.18,65.76,57.20,67.73
41.66,41.66,61.12,59.39,66.03
49.28,49.28,61.28,59.97,68.47
52.92,52.92,65.06,60.07,69.09
51.79,51.79,71.22,57.85,67.63
47.68,47.68,68.71,57.53,67.97
42.78,42.78,64.52,54.42,69.59
41.22,41.22,63.12,56.44,74.92
41.00,41.00,63.70,56.55,74.50
38.34,38.34,64.80,55.89,74.25
38.21,38.21,66.89,59.47,73.52
43.31,43.31,81.32,69.95,84.78
44.84,44.84,77.29,69.90,85.71
47.02,47.02,71.97,70.57,85.67
46.57,46.57,67.46,70.66,83.89
44.93,44.93,64.58,69.82,82.57
45.77,45.77,62.34,68.79,80.63
51.22,51.22,65.48,68.34,81.08
58.12,58.12,69.45,67.21,78.82
64.36,64.36,61.43,65.39,79.67
63.57,63.57,53.00,61.87,75.67
72.08,72.08,54.66,60.36,73.65
72.56,72.56,61.65,57.27,71.05
70.82,70.82,68.86,51.25,66.28
74.33,74.33,80.96,57.30,68.56
69.88,69.88,88.31,51.81,63.81
76.59,76.59,83.90,54.63,65.39
74.75,74.75,80.96,53.19,63.84
76.43,76.43,75.77,58.79,65.01
76.80,76.80,70.26,57.78,69.15
78.06,78.06,65.12,56.51,66.33
80.03,80.03,65.88,59.59,77.54
78.31,78.31,58.85,64.13,83.44
77.83,77.83,50.73,65.32,83.15
78.17,78.17,51.34,62.89,83.87
78.50,78.50,55.28,62.96,84.06
78.00,78.00,62.78,61.81,81.35
74.15,74.15,67.73,62.01,79.84
73.21,73.21,82.97,60.52,76.81
69.93,69.93,79.08,61.11,77.56
68.27,68.27,71.91,60.17,77.02
64.43,64.43,67.15,58.74,73.19
66.30,66.30,64.89,57.28,70.90
69.98,69.98,62.89,54.84,72.60
70.49,70.49,67.25,53.36,71.60
68.68,68.68,67.83,53.04,71.52
64.67,64.67,60.35,51.25,68.10
65.38,65.38,53.87,47.34,66.39
65.54,65.54,48.44,39.73,66.22
65.83,65.83,51.57,40.01,68.57
63.87,63.87,59.78,42.72,70.38
67.87,67.87,81.47,53.31,80.59
62.80,62.80,87.49,52.57,75.59
67.51,67.51,69.04,55.98,76.23
67.43,67.43,58.60,54.82,73.09
67.78,67.78,53.52,55.98,70.79
67.98,67.98,58.77,55.53,70.32
67.95,67.95,62.43,54.62,70.33
68.43,68.43,69.66,55.30,69.70
69.00,69.00,64.41,54.05,67.33
71.00,71.00,59.01,49.60,63.79
70.08,70.08,53.74,48.04,61.31
68.39,68.39,57.77,44.75,60.90
67.19,67.19,62.10,49.35,59.63
65.18,65.18,69.33,57.37,68.05
71.62,71.62,80.94,63.26,82.25
71.42,71.42,74.51,64.95,85.55
71.93,71.93,69.54,65.84,85.17
68.35,68.35,65.80,67.89,84.85
70.58,70.58,60.83,66.78,83.14
67.72,67.72,58.64,66.02,81.13
65.01,65.01,67.11,63.91,78.04
58.19,58.19,66.67,59.15,65.44
56.30,56.30,55.97,53.84,56.98
58.57,58.57,47.84,50.60,55.54
54.11,54.11,47.59,43.36,53.44
55.73,55.73,56.32,37.60,54.97
54.20,54.20,63.79,43.93,62.27
63.43,63.43,87.90,57.43,74.93
57.51,57.51,84.49,59.73,76.65
63.88,63.88,83.72,59.16,75.64
63.82,63.82,79.59,62.74,75.11
61.64,61.64,72.13,61.24,75.89
62.99,62.99,66.13,62.60,75.02
60.10,60.10,60.11,64.14,75.73
59.29,59.29,67.42,63.67,78.05
58.39,58.39,58.64,64.80,77.61
52.68,52.68,49.59,63.00,73.81
50.16,50.16,47.71,63.68,76.20
45.83,45.83,51.38,61.98,74.92
44.06,44.06,57.92,61.02,70.51
43.74,43.74,71.87,60.42,67.90
42.13,42.13,82.15,56.87,69.59
38.82,38.82,76.66,53.05,63.39
43.30,43.30,70.87,46.39,60.46
43.65,43.65,66.07,42.46,58.75
42.56,42.56,60.67,44.61,58.91
43.88,43.88,56.77,46.14,60.24
60.03,60.03,64.89,60.44,76.78
63.37,63.37,62.32,61.54,86.13
63.49,63.49,51.82,62.90,85.31
60.72,60.72,43.34,64.03,85.49
58.32,58.32,47.52,60.31,83.73
55.82,55.82,63.82,57.53,81.60
52.05,52.05,69.10,60.37,79.01
48.64,48.64,87.32,61.84,73.68
43.24,43.24,84.43,53.11,69.10
43.63,43.63,68.17,51.35,66.31
44.16,44.16,55.72,50.36,66.61
46.48,46.48,53.39,48.90,61.96
43.29,43.29,54.74,49.43,62.90
44.63,44.63,61.02,50.33,62.34
50.64,50.64,70.19,52.51,64.04
48.09,48.09,62.43,52.20,59.80
49.60,49.60,57.87,50.77,59.18
48.62,48.62,55.00,45.86,59.16
45.17,45.17,54.38,39.03,61.08
39.30,39.30,53.63,44.87,59.82
46.84,46.84,71.51,58.10,73.80
51.51,51.51,79.59,62.63,86.59
52.53,52.53,75.37,64.11,83.32
53.48,53.48,69.89,60.34,84.40
53.96,53.96,65.45,60.36,84.08
52.71,52.71,64.73,58.08,82.55
46.71,46.71,63.23,57.45,80.76
47.74,47.74,70.21,54.37,78.39
45.51,45.51,65.02,54.01,77.39
40.31,40.31,55.95,53.02,76.92
40.12,40.12,49.66,52.14,75.47
40.08,40.08,55.65,48.21,72.24
44.92,44.92,64.35,46.28,69.27
53.55,53.55,71.30,45.20,66.50
67.82,67.82,89.08,48.10,71.95
69.15,69.15,83.81,43.68,71.10
74.97,74.97,82.18,49.94,71.53
72.92,72.92,78.14,47.72,71.02
73.96,73.96,71.75,44.36,69.61
73.58,73.58,67.13,45.20,69.86
74.29,74.29,65.48,48.98,72.84
77.11,77.11,63.54,53.74,82.44
78.37,78.37,58.39,53.96,81.24
78.97,78.97,57.46,53.72,81.77
76.59,76.59,56.30,50.93,79.99
73.52,73.52,57.65,52.35,81.14
67.31,67.31,59.76,50.99,81.17
72.02,72.02,77.02,49.92,79.68
72.72,72.72,78.51,49.11,76.48
73.89,73.89,73.45,50.13,76.26
76.19,76.19,69.31,47.97,74.72
76.36,76.36,63.58,46.49,73.68
74.59,74.59,64.37,42.91,72.38
72.36,72.36,64.96,45.71,72.52
63.20,63.20,70.18,44.28,67.18
61.57,61.57,63.31,41.57,63.19
54.41,54.41,54.90,44.37,58.56
54.55,54.55,55.50,42.44,56.45
58.03,58.03,53.95,40.79,49.52
60.66,60.66,56.24,42.25,53.92
70.34,70.34,65.41,49.30,62.02
83.47,83.47,86.60,50.06,66.38
78.63,78.63,71.62,46.64,66.13
81.62,81.62,63.98,47.62,66.86
81.03,81.03,60.01,47.70,64.87
80.17,80.17,61.93,49.29,64.68
79.44,79.44,62.51,48.16,62.79
79.10,79.10,68.06,47.71,65.14
79.29,79.29,66.79,48.67,63.85
79.87,79.87,62.48,45.35,64.00
79.17,79.17,59.88,46.41,64.31
75.72,75.72,57.21,46.51,66.03
76.05,76.05,57.74,45.04,68.42
74.76,74.76,65.16,43.81,65.27
76.61,76.61,76.67,56.94,79.83
72.62,72.62,76.46,63.05,78.02
73.05,73.05,71.63,65.68,78.98
76.28,76.28,66.16,65.84,77.41
75.97,75.97,62.67,65.43,76.74
76.02,76.02,62.00,64.24,75.46
75.24,75.24,64.56,63.03,76.29
75.97,75.97,70.42,60.99,76.87
71.82,71.82,62.78,57.62,74.31
66.28,66.28,54.01,51.72,73.08
65.52,65.52,51.92,44.25,71.19
71.32,71.32,58.98,37.48,66.89
74.35,74.35,66.01,37.15,60.47
71.21,71.21,76.32,48.56,68.59
69.58,69.58,89.43,51.16,69.11
68.47,68.47,84.10,48.26,68.87
66.14,66.14,82.51,48.90,68.48
73.67,73.67,76.21,54.89,72.13
72.82,72.82,69.61,57.46,72.42
77.01,77.01,66.55,62.24,70.91
75.90,75.90,67.84,61.83,72.92
76.56,76.56,65.67,61.38,71.36
75.12,75.12,60.67,54.40,71.73
70.91,70.91,56.03,52.25,72.86
72.26,72.26,55.50,48.01,73.33
70.96,70.96,58.94,50.16,72.40
69.01,69.01,63.45,45.76,70.22
74.53,74.53,82.81,50.00,72.97
76.47,76.47,78.13,45.79,71.14
78.63,78.63,73.08,39.77,69.72
78.31,78.31,69.47,39.17,68.11
77.70,77.70,66.86,40.01,66.16
74.90,74.90,64.28,37.98,67.82
74.56,74.56,67.50,40.71,72.57
73.66,73.66,66.41,47.47,78.63
76.18,76.18,59.92,51.78,81.86
76.09,76.09,59.38,48.43,77.33
75.42,75.42,60.60,51.61,76.17
73.44,73.44,60.13,48.91,75.91
70.95,70.95,64.12,44.74,72.74
76.57,76.57,73.10,45.79,73.85
75.52,75.52,88.60,39.94,69.18
78.51,78.51,70.84,45.59,63.16
82.20,82.20,61.29,41.53,58.88
81.43,81.43,57.28,38.50,58.05
79.58,79.58,59.00,36.46,57.76
77.28,77.28,64.33,37.85,56.72
78.29,78.29,70.47,44.18,57.43
78.31,78.31,66.72,44.37,57.37
79.65,79.65,64.83,40.18,55.30
80.31,80.31,64.52,38.97,55.67
79.45,79.45,62.35,38.62,58.59
76.07,76.07,64.33,34.91,59.64
73.23,73.23,67.51,41.95,65.70
75.52,75.52,82.09,49.74,81.03
75.40,75.40,76.24,54.84,81.38
75.05,75.05,70.65,57.49,80.02
74.09,74.09,65.05,58.87,77.11
73.50,73.50,61.78,59.25,78.91
72.24,72.24,59.31,59.05,75.21
72.65,72.65,61.48,58.45,75.37
72.12,72.12,61.43,57.12,71.65
71.55,71.55,59.50,55.44,72.05
72.55,72.55,57.27,52.92,72.08
71.12,71.12,59.36,50.70,70.13
65.77,65.77,67.48,44.65,66.69
58.90,58.90,67.76,32.84,59.09
69.76,69.76,82.12,34.55,70.08
64.55,64.55,87.89,30.95,65.28
72.02,72.02,83.18,35.71,67.75
74.10,74.10,80.56,37.13,68.17
72.84,72.84,72.74,38.47,65.17
74.30,74.30,67.34,41.97,65.39
71.80,71.80,64.30,42.82,67.69
72.53,72.53,64.38,49.44,81.00
71.70,71.70,55.54,51.72,79.43
75.51,75.51,47.56,55.30,81.91
73.77,73.77,45.28,56.20,80.33
70.94,70.94,49.63,53.72,79.83
70.94,70.94,66.44,45.98,79.43
71.05,71.05,69.27,38.37,75.45
75.70,75.70,81.37,42.08,76.57
75.35,75.35,77.21,40.70,75.14
75.17,75.17,71.54,39.31,73.14
76.57,76.57,68.83,38.87,72.29
75.95,75.95,65.32,34.16,71.52
74.70,74.70,63.69,32.99,70.21
73.14,73.14,65.11,35.44,70.42
71.87,71.87,64.82,35.15,65.25
72.53,72.53,62.29,34.39,60.17
73.21,73.21,58.21,31.41,55.32
73.44,73.44,55.58,34.41,52.16
74.90,74.90,57.06,27.30,51.50
73.35,73.35,60.38,29.33,56.95
68.09,68.09,85.05,38.50,58.89
62.98,62.98,87.65,34.01,53.87
63.64,63.64,70.64,32.85,60.31
69.76,69.76,64.17,28.36,63.30
68.48,68.48,60.24,26.28,59.50
73.89,73.89,57.94,31.13,59.44
77.83,77.83,63.34,28.41,60.70
79.43,79.43,67.24,27.01,61.46
77.25,77.25,64.44,25.87,59.35
78.07,78.07,59.83,26.60,61.06
81.64,81.64,60.24,22.29,62.45
80.42,80.42,61.62,18.17,58.91
80.52,80.52,67.10,17.81,61.12
77.44,77.44,72.83,15.79,68.85
79.79,79.79,80.22,9.80,82.55
78.67,78.67,74.34,12.37,83.63
78.77,78.77,68.47,17.48,85.37
77.72,77.72,62.69,17.98,78.97
75.41,75.41,59.37,20.53,79.80
74.29,74.29,56.04,21.32,79.57
69.06,69.06,66.83,23.90,71.81
61.81,61.81,66.08,29.82,71.68
57.84,57.84,56.12,33.28,60.96
54.06,54.06,48.99,34.54,59.92
53.96,53.96,52.68,32.32,55.89
53.91,53.91,56.31,24.71,55.15
60.82,60.82,68.26,14.20,61.30
69.02,69.02,89.16,20.38,74.77
70.41,70.41,84.97,25.11,71.49
75.64,75.64,82.72,28.25,71.13
76.89,76.89,78.67,33.39,73.02
77.01,77.01,71.10,35.52,69.59
80.41,80.41,66.06,33.61,68.96
79.28,79.28,64.35,34.01,73.33
80.71,80.71,63.77,30.38,72.00
80.54,80.54,58.37,31.14,74.81
79.30,79.30,54.63,31.93,73.78
78.50,78.50,57.10,31.85,72.06
77.75,77.75,62.97,29.30,73.07
79.31,79.31,67.10,26.19,69.73
75.89,75.89,77.19,21.61,70.36
77.12,77.12,82.18,21.18,69.30
74.84,74.84,75.36,20.95,65.31
76.18,76.18,70.55,26.32,65.45
73.30,73.30,65.78,23.04,64.45
74.57,74.57,63.02,13.85,65.94
69.17,69.17,60.07,30.07,70.87
77.02,77.02,65.36,41.26,82.67
78.87,78.87,60.07,47.23,83.53
79.16,79.16,52.60,48.53,81.85
78.53,78.53,46.57,47.33,84.51
75.85,75.85,47.18,43.41,79.88
74.53,74.53,53.69,42.22,79.50
73.00,73.00,62.86,37.40,79.74
72.10,72.10,79.66,37.75,87.17
76.04,76.04,78.58,37.07,72.87
64.13,64.13,65.90,39.59,71.83
58.95,58.95,57.21,34.25,60.75
58.87,58.87,54.43,33.48,60.91
60.14,60.14,58.29,35.81,60.02
62.91,62.91,65.59,38.95,58.85
63.98,63.98,68.55,42.19,58.90
64.94,64.94,65.24,45.74,54.07
63.68,63.68,63.14,39.71,56.27
66.68,66.68,62.48,40.55,59.50
64.07,64.07,62.47,34.35,61.37
63.75,63.75,63.69,29.85,63.88
70.07,70.07,76.94,31.70,74.40
76.57,76.57,77.63,34.70,81.79
77.73,77.73,72.55,33.34,81.25
78.60,78.60,66.08,34.54,84.46
75.89,75.89,60.97,33.83,80.15
76.96,76.96,60.00,29.31,80.12
74.33,74.33,60.07,32.07,81.13
71.54,71.54,67.90,34.12,77.61
70.66,70.66,64.22,35.46,76.29
67.59,67.59,62.69,31.60,76.11
66.67,66.67,59.80,31.87,72.12
65.37,65.37,62.46,26.26,72.18
61.54,61.54,67.93,18.77,69.58
63.17,63.17,73.96,8.59,68.89
68.38,68.38,89.33,0.89,73.41
67.28,67.28,83.34,4.05,71.27
71.86,71.86,81.14,13.01,73.77
73.28,73.28,77.03,20.81,70.96
72.69,72.69,69.42,19.67,70.19
75.82,75.82,65.36,22.55,70.84
76.23,76.23,63.16,22.01,76.21
79.38,79.38,60.90,20.79,80.52
77.13,77.13,58.09,10.48,80.66
75.94,75.94,57.95,5.80,85.18
76.73,76.73,59.17,7.82,80.20
76.75,76.75,63.26,10.41,78.25
71.78,71.78,66.64,16.01,80.47
68.64,68.64,80.43,13.87,76.55
66.90,66.90,80.26,13.35,76.80
61.51,61.51,74.59,15.89,75.00
59.65,59.65,69.06,12.84,71.58
60.99,60.99,69.62,7.86,75.43
63.28,63.28,68.56,5.14,72.22
63.11,63.11,68.34,8.58,69.23
64.14,64.14,72.14,8.69,71.69
59.77,59.77,68.38,10.81,65.31
61.10,61.10,65.95,16.66,65.79
60.83,60.83,63.65,16.92,60.81
62.43,62.43,64.67,16.34,63.04
62.58,62.58,64.63,20.43,63.01
65.41,65.41,69.43,8.35,64.96
68.89,68.89,74.41,0.28,70.24
73.10,73.10,78.89,4.85,66.26
77.80,77.80,84.13,9.63,67.79
78.91,78.91,84.95,10.90,68.21
79.87,79.87,83.55,8.51,71.00
76.40,76.40,81.53,5.54,73.41
75.04,75.04,83.04,3.24,71.53
75.37,75.37,78.41,0.51,74.35
74.56,74.56,80.53,0.11,75.75
73.52,73.52,77.33,0.38,77.40
74.10,74.10,78.46,0.32,80.41
73.22,73.22,76.02,6.97,75.36
69.71,69.71,74.97,14.15,73.81
69.89,69.89,80.67,17.03,79.55
70.74,70.74,75.50,16.52,85.94
70.01,70.01,70.65,12.40,85.87
69.98,69.98,65.83,6.98,84.35
72.58,72.58,68.63,6.24,82.57
71.12,71.12,68.59,6.04,81.75
71.44,71.44,64.81,3.67,79.62
70.16,70.16,71.15,0.68,76.10
67.15,67.15,70.74,0.04,74.14
63.97,63.97,64.87,0.00,72.41
61.74,61.74,66.80,0.04,72.68
59.56,59.56,72.08,0.07,71.88
59.44,59.44,71.44,-0.00,70.19
53.70,53.70,77.14,0.12,69.98
51.67,51.67,79.70,0.03,73.59
54.85,54.85,82.28,0.01,73.44
55.02,55.02,82.45,0.03,75.07
51.23,51.23,75.75,0.00,72.36
50.88,50.88,70.15,-0.00,74.19
47.81,47.81,65.55,-0.00,74.70
51.30,51.30,70.18,0.10,75.90
47.23,47.23,65.76,0.26,78.08
50.08,50.08,75.82,0.32,78.63
51.01,51.01,71.20,0.00,76.70
49.34,49.34,66.56,-0.00,77.23
45.87,45.87,74.28,-0.00,76.56
46.61,46.61,72.09,0.02,76.01
46.79,46.79,83.34,0.31,74.00
40.42,40.42,78.97,0.10,69.90
49.49,49.49,76.35,-0.00,69.95
48.68,48.68,75.28,-0.00,68.67
42.44,42.44,75.00,-0.00,66.96
41.80,41.80,72.74,-0.00,67.10
41.88,41.88,73.82,0.00,74.41
49.06,49.06,67.51,0.00,86.46
50.67,50.67,60.00,0.38,86.67
54.43,54.43,61.61,4.98,85.52
55.36,55.36,62.29,10.48,85.30
54.93,54.93,63.56,10.43,82.35
51.03,51.03,63.77,5.53,82.76
41.88,41.88,66.29,10.22,73.85
40.56,40.56,64.66,24.92,67.46
46.20,46.20,70.47,33.20,69.55
36.84,36.84,64.48,28.45,64.31
44.91,44.91,61.40,35.35,67.18
46.14,46.14,64.60,37.08,67.70
42.94,42.94,64.65,30.51,64.11
46.64,46.64,70.97,24.23,64.33
48.97,48.97,68.28,15.38,67.12
42.03,42.03,71.77,19.35,68.08
36.91,36.91,68.90,24.03,70.74
39.34,39.34,64.70,22.98,71.26
36.99,36.99,69.87,17.29,70.83
26.95,26.95,68.76,5.55,72.38
29.37,29.37,79.94,0.60,86.11
30.47,30.47,74.23,0.39,87.11
33.17,33.17,67.78,0.28,86.66
34.06,34.06,64.42,0.00,84.99
39.22,39.22,60.87,-0.00,84.31
37.07,37.07,60.85,-0.00,83.29
37.87,37.87,65.15,-0.00,80.80
39.33,39.33,67.93,-0.00,79.91
41.18,41.18,65.56,-0.00,79.20
44.81,44.81,67.42,-0.00,77.40
51.22,51.22,68.44,0.38,75.73
56.35,56.35,70.88,2.17,73.65
59.41,59.41,72.36,8.15,71.63
68.54,68.54,77.83,14.61,68.62
70.71,70.71,75.31,16.05,67.47
72.17,72.17,81.48,13.40,71.52
69.89,69.89,79.31,13.96,70.15
72.54,72.54,72.44,12.19,69.02
75.41,75.41,63.77,4.52,68.33
74.84,74.84,61.76,0.00,68.96
79.94,79.94,61.70,-0.00,80.28
76.75,76.75,57.63,-0.00,82.49
78.15,78.15,56.55,-0.00,83.96
79.68,79.68,57.00,-0.00,83.82
78.76,78.76,61.06,-0.00,83.52
75.01,75.01,64.09,-0.00,81.84
76.70,76.70,72.45,0.72,80.47
77.95,77.95,81.13,3.57,79.39
80.66,80.66,75.74,6.11,77.37
80.47,80.47,69.61,7.01,78.26
77.24,77.24,64.62,6.55,73.39
78.45,78.45,62.74,4.42,73.88
77.64,77.64,63.61,3.61,73.64
76.15,76.15,68.64,4.94,71.90
73.14,73.14,68.16,4.79,70.82
71.32,71.32,60.94,4.59,68.61
71.74,71.74,56.90,3.38,69.47
72.82,72.82,56.60,4.04,66.87
73.03,73.03,59.43,9.29,66.25
73.31,73.31,65.35,6.63,65.89
74.69,74.69,63.96,4.15,65.50
75.71,75.71,61.05,8.14,65.17
77.33,77.33,63.64,11.33,67.66
78.40,78.40,64.37,14.54,69.57
78.69,78.69,57.83,15.66,70.13
79.36,79.36,62.33,14.36,69.96
79.85,79.85,66.50,9.13,70.02
78.54,78.54,68.92,2.17,69.14
79.02,79.02,66.06,0.23,68.93
79.86,79.86,64.83,0.58,67.29
76.47,76.47,64.31,0.56,69.35
78.72,78.72,64.39,0.15,72.24
80.58,80.58,64.89,0.01,71.48
77.81,77.81,74.04,0.22,77.68
80.44,80.44,78.58,0.43,83.71
81.13,81.13,72.43,0.75,83.05
80.62,80.62,66.51,1.20,81.18
81.32,81.32,62.68,1.21,80.71
81.16,81.16,60.98,2.91,77.99
81.69,81.69,62.68,4.62,77.69
78.01,78.01,69.33,3.81,73.62
76.87,76.87,64.86,2.53,72.19
75.16,75.16,59.31,2.38,70.95
75.80,75.80,57.66,4.57,70.37
73.92,73.92,57.92,3.75,70.52
71.77,71.77,61.78,5.01,69.84
70.21,70.21,65.41,2.35,72.89
67.00,67.00,77.69,0.20,75.43
68.92,68.92,77.48,0.12,77.00
69.73,69.73,81.29,1.25,78.21
66.43,66.43,76.75,2.52,76.00
66.26,66.26,69.03,0.99,72.03
66.95,66.95,65.39,0.01,71.91
65.60,65.60,63.04,0.00,73.98
70.14,70.14,62.80,-0.00,76.46
71.99,71.99,60.28,-0.00,75.70
74.09,74.09,59.96,-0.00,75.49
74.91,74.91,60.92,-0.00,74.33
76.43,76.43,65.63,-0.00,74.57
74.60,74.60,69.38,-0.00,73.16
72.73,72.73,78.54,0.76,73.90
73.85,73.85,80.75,3.60,74.74
68.82,68.82,74.69,16.49,70.60
71.36,71.36,69.58,20.68,68.56
72.93,72.93,65.90,21.23,68.76
71.72,71.72,62.01,17.20,67.33
65.14,65.14,58.77,4.84,69.66
68.67,68.67,60.96,1.70,83.08
65.67,65.67,54.11,5.70,87.39
63.24,63.24,50.76,2.07,85.43
62.20,62.20,49.24,1.61,84.32
62.05,62.05,49.33,2.37,85.26
63.14,63.14,51.71,2.11,82.26
60.15,60.15,56.52,10.32,79.00
53.15,53.15,63.79,21.84,65.21
50.08,50.08,59.41,31.76,61.90
48.74,48.74,58.78,31.08,60.71
49.04,49.04,57.45,38.34,59.63
49.86,49.86,57.86,36.08,59.48
47.28,47.28,60.03,36.33,60.50
50.05,50.05,65.05,29.48,63.68
52.33,52.33,66.43,35.09,65.10
55.16,55.16,60.22,37.13,66.38
51.76,51.76,54.99,35.38,67.21
55.96,55.96,59.16,36.24,71.23
52.88,52.88,55.65,34.78,71.70
50.44,50.44,57.91,24.05,72.17
51.31,51.31,74.76,8.80,79.76
50.90,50.90,76.63,13.10,88.17
48.21,48.21,70.33,22.66,86.25
46.54,46.54,60.14,24.23,85.74
47.45,47.45,55.75,19.12,85.10
47.06,47.06,55.29,12.38,81.47
46.84,46.84,56.30,6.46,82.69
45.67,45.67,67.83,7.28,81.07
45.08,45.08,60.51,10.00,80.11
50.58,50.58,52.57,13.86,78.02
50.15,50.15,50.79,12.91,77.94
49.40,49.40,54.34,9.39,74.24
55.81,55.81,62.18,3.26,74.21
60.84,60.84,71.25,1.72,71.60
64.19,64.19,77.48,6.47,68.73
66.67,66.67,78.69,11.35,71.46
75.39,75.39,78.89,16.31,75.58
76.78,76.78,74.04,15.87,75.82
70.02,70.02,65.91,18.81,73.53
66.70,66.70,62.15,15.19,73.23
63.44,63.44,60.73,13.28,76.54
63.53,63.53,58.63,7.27,85.15
67.47,67.47,56.51,6.38,83.47
70.93,70.93,54.60,6.12,85.62
71.31,71.31,53.95,5.25,84.33
64.12,64.12,56.58,5.25,83.77
62.00,62.00,62.86,2.24,81.80
70.50,70.50,76.37,2.38,81.39
70.81,70.81,74.04,0.84,79.79
71.63,71.63,66.76,0.37,77.55
77.38,77.38,60.59,2.61,76.40
77.09,77.09,56.22,7.16,76.13
72.20,72.20,56.18,12.15,73.80
73.54,73.54,58.12,16.36,73.76
74.55,74.55,61.51,17.26,73.73
73.52,73.52,59.96,23.28,72.38
71.69,71.69,57.48,29.41,70.69
72.39,72.39,57.95,30.95,69.66
72.89,72.89,57.56,32.11,69.15
71.43,71.43,60.04,40.00,68.16
70.88,70.88,61.07,35.52,67.30
67.71,67.71,54.27,23.49,65.01
75.09,75.09,55.06,24.01,70.05
77.48,77.48,52.81,17.85,70.73
76.71,76.71,54.12,25.74,71.31
77.45,77.45,55.97,29.50,71.18
77.66,77.66,58.24,24.42,70.79
77.63,77.63,60.28,20.66,73.75
77.02,77.02,58.71,17.91,72.54
75.00,75.00,58.38,20.70,72.39
76.81,76.81,57.34,17.91,74.11
72.10,72.10,55.87,16.98,74.24
67.82,67.82,57.93,12.70,73.24
69.04,69.04,63.38,4.51,72.51
69.84,69.84,76.02,1.84,84.16
71.09,71.09,71.64,5.07,81.78
71.21,71.21,64.75,10.92,82.52
73.53,73.53,59.70,7.98,80.62
73.27,73.27,55.60,9.98,79.45
71.31,71.31,54.76,19.51,77.90
73.81,73.81,58.14,21.57,78.91
71.20,71.20,60.92,17.64,77.05
65.71,65.71,57.26,21.21,75.54
66.93,66.93,55.02,21.52,74.50
69.92,69.92,56.67,25.64,71.93
68.68,68.68,60.46,24.72,71.46
69.12,69.12,65.64,26.94,72.07
65.55,65.55,74.28,30.65,72.65
65.48,65.48,77.21,30.39,73.28
67.99,67.99,80.03,24.95,77.78
64.65,64.65,79.19,23.76,77.05
63.38,63.38,74.01,24.55,75.23
60.79,60.79,67.21,15.12,74.61
62.81,62.81,62.52,12.81,74.63
63.61,63.61,62.95,18.53,77.20
63.34,63.34,60.16,19.94,74.07
66.59,66.59,59.44,19.57,74.08
67.55,67.55,56.85,9.64,77.60
67.82,67.82,62.08,8.05,77.11
68.41,68.41,67.32,6.94,76.96
66.37,66.37,68.88,2.26,74.48
67.52,67.52,77.20,3.87,77.85
68.25,68.25,73.58,7.82,74.99
69.06,69.06,68.13,15.78,74.79
71.59,71.59,62.33,18.71,76.09
73.37,73.37,58.49,16.34,74.32
72.73,72.73,56.91,9.39,76.17
71.15,71.15,57.34,1.31,78.36
68.09,68.09,56.86,0.10,83.57
67.25,67.25,53.93,2.98,82.87
66.45,66.45,51.76,7.29,78.97
69.70,69.70,50.45,17.29,77.53
71.19,71.19,52.27,20.32,77.43
70.58,70.58,52.14,22.09,76.92
65.03,65.03,53.51,22.30,74.92
60.70,60.70,54.00,22.66,73.62
65.77,65.77,54.96,24.89,75.97
64.98,64.98,55.61,27.62,75.25
67.44,67.44,54.24,22.59,75.91
65.36,65.36,56.45,28.95,76.03
65.67,65.67,60.37,26.36,75.41
65.49,65.49,63.24,22.71,76.18
65.09,65.09,60.56,14.25,75.00
66.47,66.47,60.67,7.44,76.64
68.09,68.09,58.74,16.70,77.41
65.32,65.32,58.35,21.66,76.58
62.12,62.12,59.84,25.68,75.18
62.91,62.91,66.35,24.33,76.94
63.19,63.19,73.51,18.73,83.64
61.80,61.80,67.65,15.82,83.68
65.91,65.91,62.35,18.29,82.80
68.80,68.80,57.88,25.18,78.21
70.88,70.88,58.07,28.47,80.43
70.97,70.97,57.90,30.86,77.77
70.08,70.08,60.38,30.36,78.45
69.36,69.36,60.44,26.07,77.02
71.38,71.38,56.64,17.73,76.34
69.99,69.99,56.16,19.70,75.71
67.85,67.85,54.70,19.63,74.78
68.21,68.21,59.78,16.20,75.54
66.89,66.89,65.38,19.08,74.07
71.85,71.85,77.26,21.89,73.97
71.17,71.17,76.31,23.94,73.12
72.48,72.48,81.94,19.09,76.02
72.41,72.41,78.51,9.37,73.80
72.51,72.51,69.64,2.92,73.42
68.42,68.42,65.61,6.75,74.25
68.90,68.90,61.76,11.65,75.23
65.27,65.27,61.31,11.87,81.80
66.52,66.52,60.30,19.36,80.77
62.22,62.22,59.41,24.16,80.65
63.27,63.27,57.54,25.65,80.97
64.58,64.58,58.46,29.76,79.63
67.29,67.29,61.27,28.62,79.52
69.03,69.03,66.71,21.55,80.29
71.44,71.44,71.02,10.50,82.09
73.33,73.33,64.87,10.83,79.38
71.59,71.59,61.26,21.26,77.77
74.73,74.73,60.32,25.36,78.42
73.41,73.41,61.46,23.09,77.36
74.32,74.32,62.02,9.91,75.85
72.84,72.84,66.68,0.19,78.01
74.09,74.09,64.83,0.12,75.62
68.68,68.68,61.76,-0.00,72.62
71.35,71.35,60.72,0.43,73.01
74.70,74.70,60.02,1.60,73.50
76.35,76.35,59.63,4.00,72.86
76.07,76.07,62.36,4.82,69.82
70.47,70.47,61.81,8.19,69.19
73.15,73.15,60.29,13.24,67.70
77.70,77.70,60.06,12.08,68.20
77.92,77.92,59.97,7.91,70.40
75.95,75.95,61.07,7.02,70.49
77.00,77.00,62.62,3.91,71.95
74.60,74.60,62.95,6.70,73.02
75.67,75.67,64.59,10.23,74.84
75.35,75.35,64.82,12.26,74.53
74.91,74.91,64.82,12.66,75.37
75.61,75.61,62.23,7.85,76.55
76.45,76.45,62.78,7.22,77.34
75.20,75.20,64.10,8.97,75.84
73.18,73.18,70.91,7.57,81.72
71.39,71.39,72.56,2.84,86.11
74.30,74.30,66.98,0.53,85.44
73.03,73.03,62.93,3.31,85.43
71.89,71.89,60.09,4.49,83.70
69.60,69.60,58.66,5.67,82.40
71.51,71.51,58.27,4.58,82.04
67.23,67.23,61.50,1.82,80.14
62.91,62.91,60.89,0.02,77.94
65.26,65.26,59.40,0.06,77.09
66.76,66.76,59.88,3.56,75.94
66.45,66.45,63.41,6.94,74.68
64.17,64.17,65.97,15.56,73.42
53.70,53.70,72.29,14.26,71.92
52.75,52.75,76.27,14.69,72.76
55.28,55.28,78.88,9.70,75.44
55.41,55.41,80.60,1.06,78.66
50.90,50.90,76.46,3.94,77.17
47.93,47.93,69.64,6.19,75.88
46.00,46.00,65.15,5.83,74.39
47.02,47.02,64.22,3.75,76.37
48.55,48.55,64.79,0.43,76.06
48.10,48.10,61.92,-0.00,76.57
49.38,49.38,63.63,-0.00,77.32
46.92,46.92,64.41,-0.00,77.36
51.24,51.24,66.49,-0.00,77.58
47.82,47.82,66.08,-0.00,76.39
50.84,50.84,74.95,0.31,80.33
55.55,55.55,75.51,0.14,80.60
57.90,57.90,69.70,0.07,78.22
61.17,61.17,64.72,0.57,78.73
60.55,60.55,61.66,1.54,78.27
60.18,60.18,60.31,8.17,78.28
60.73,60.73,61.86,10.07,79.13
59.26,59.26,64.14,4.85,84.66
62.41,62.41,61.68,0.08,84.20
63.73,63.73,59.93,-0.00,84.05
64.07,64.07,58.34,0.31,84.59
59.57,59.57,59.25,1.28,80.30
60.45,60.45,61.40,0.40,81.00
57.80,57.80,63.15,0.01,76.62
50.70,50.70,62.74,0.00,71.72
53.95,53.95,60.63,-0.00,71.58
60.85,60.85,62.22,-0.00,80.65
58.95,58.95,63.11,0.21,79.68
56.95,56.95,64.90,1.16,78.55
58.41,58.41,66.95,1.58,77.82
58.07,58.07,66.72,5.24,77.30
59.16,59.16,67.35,7.39,77.10
59.94,59.94,65.38,6.33,77.10
61.20,61.20,65.71,2.51,76.36
58.57,58.57,63.20,0.04,75.22
59.36,59.36,64.65,0.67,77.11
54.42,54.42,67.17,3.48,78.31
53.04,53.04,75.00,4.18,84.27
51.29,51.29,74.83,9.64,85.01
53.38,53.38,69.85,22.27,85.21
54.36,54.36,65.13,30.65,85.63
55.21,55.21,61.65,34.29,81.56
60.15,60.15,60.97,35.62,83.32
56.40,56.40,58.84,34.12,81.88
51.70,51.70,59.34,31.89,80.18
52.38,52.38,59.16,29.15,80.48
51.31,51.31,57.31,23.36,80.57
48.56,48.56,59.96,25.07,80.98
48.43,48.43,64.20,27.98,79.99
48.13,48.13,69.65,28.13,76.93
48.22,48.22,79.84,23.78,77.70
44.58,44.58,85.79,12.63,79.02
45.52,45.52,83.51,0.09,77.30
47.49,47.49,83.26,3.90,77.71
46.57,46.57,80.29,12.58,75.66
46.61,46.61,78.61,19.72,74.17
50.64,50.64,74.03,23.41,73.50
53.66,53.66,69.91,22.92,74.36
57.52,57.52,66.48,19.20,74.03
57.16,57.16,61.90,15.94,73.32
58.66,58.66,58.54,11.10,73.85
58.71,58.71,56.16,4.58,73.63
57.70,57.70,54.11,2.72,72.78
56.49,56.49,51.98,0.26,71.39
58.92,58.92,51.23,1.80,71.07
59.93,59.93,49.48,6.98,69.51
65.21,65.21,51.00,10.16,69.19
66.86,66.86,51.78,10.61,69.42
68.44,68.44,51.30,9.52,68.89
68.97,68.97,51.06,7.57,67.62
68.43,68.43,49.97,4.24,66.46
68.43,68.43,51.44,11.11,64.87
64.50,64.50,48.75,20.23,61.87
62.27,62.27,48.20,20.65,58.43
63.62,63.62,49.18,15.59,57.28
59.93,59.93,58.35,1.51,55.22
47.24,47.24,57.86,0.00,50.87
46.96,46.96,75.04,0.93,53.51
41.74,41.74,93.25,7.44,54.54
44.66,44.66,95.81,12.03,48.87
42.38,42.38,94.12,12.86,47.47
37.34,37.34,93.18,14.35,44.75
39.68,39.68,88.78,9.03,52.63
47.01,47.01,82.12,8.57,62.05
56.19,56.19,74.87,9.95,71.05
58.07,58.07,64.19,6.84,71.63
62.40,62.40,58.15,5.62,76.34
61.06,61.06,54.47,7.26,78.63
58.08,58.08,57.44,1.08,70.98
51.00,51.00,71.59,0.02,69.23
48.13,48.13,74.72,0.70,61.42
49.12,49.12,92.14,6.25,60.25
45.01,45.01,93.71,16.90,55.24
43.90,43.90,94.06,24.16,53.90
43.72,43.72,94.18,31.22,54.12
41.28,41.28,90.39,53.58,53.84
36.67,36.67,83.78,65.95,52.93
44.42,44.42,81.07,75.62,64.01
48.98,48.98,85.61,83.48,67.63
41.05,41.05,77.57,76.17,63.57
40.56,40.56,73.58,74.92,68.02
38.95,38.95,64.45,64.01,62.34
38.40,38.40,64.69,51.49,52.22
34.45,34.45,71.18,44.87,60.99
34.95,34.95,84.29,47.02,69.91
38.32,38.32,92.05,33.92,72.18
40.08,40.08,92.26,37.20,74.30
41.24,41.24,92.93,38.41,73.88
41.52,41.52,90.71,42.95,75.05
41.93,41.93,87.67,52.26,76.77
40.58,40.58,80.76,56.29,76.07
45.09,45.09,74.77,73.00,75.39
43.48,43.48,67.80,76.27,78.01
45.02,45.02,62.71,80.80,75.11
44.84,44.84,59.54,82.02,76.35
45.06,45.06,58.59,80.71,73.46
40.70,40.70,62.63,82.62,71.27
44.62,44.62,69.50,81.78,71.44
43.69,43.69,83.44,80.37,72.06
43.87,43.87,78.72,76.30,70.18
50.96,50.96,72.60,71.62,73.94
53.64,53.64,67.70,64.39,72.94
53.08,53.08,64.03,57.56,74.73
49.62,49.62,60.74,54.28,72.58
50.55,50.55,65.35,69.46,78.08
49.92,49.92,63.97,84.24,86.13
46.88,46.88,54.80,92.45,82.49
49.62,49.62,51.13,89.48,83.51
44.98,44.98,50.88,87.80,82.39
37.59,37.59,63.10,90.07,79.50
29.36,29.36,74.16,86.83,77.99
26.39,26.39,88.49,71.66,71.35
23.95,23.95,92.37,60.68,60.65
25.14,25.14,94.32,44.94,53.38
24.23,24.23,94.08,40.09,46.38
18.12,18.12,89.99,40.60,42.24
15.63,15.63,86.09,48.63,45.36
29.07,29.07,76.04,51.81,50.39
35.64,35.64,79.86,57.75,49.65
33.07,33.07,84.56,65.24,42.71
26.97,26.97,80.01,63.10,33.79
19.43,19.43,72.74,61.07,39.14
11.70,11.70,61.87,53.10,45.91
8.96,8.96,55.65,51.46,48.27
19.52,19.52,63.97,66.10,67.05
23.19,23.19,79.16,83.42,85.84
23.83,23.83,73.16,89.85,84.35
23.39,23.39,66.90,88.96,83.31
26.07,26.07,60.62,89.56,82.91
26.72,26.72,56.12,90.66,82.60
16.80,16.80,51.87,89.09,81.47
24.70,24.70,62.52,91.41,79.59
22.16,22.16,63.10,89.88,77.40
15.23,15.23,53.21,90.43,76.41
10.45,10.45,38.18,92.08,74.15
6.55,6.55,54.87,89.31,70.81
2.83,2.83,68.51,91.59,66.67
3.65,3.65,70.59,87.83,63.72
24.20,24.20,90.42,71.73,72.27
24.46,24.46,92.19,63.53,70.15
25.59,25.59,92.37,55.33,72.84
27.99,27.99,90.43,42.62,74.36
23.55,23.55,89.82,37.75,76.24
21.54,21.54,85.10,52.77,77.83
21.91,21.91,77.30,63.87,76.19
20.82,20.82,71.33,75.41,79.82
18.25,18.25,69.43,87.44,81.57
20.76,20.76,63.29,87.70,82.02
19.99,19.99,59.80,91.51,81.91
21.46,21.46,60.17,89.01,80.34
27.07,27.07,62.28,91.71,79.83
27.64,27.64,73.53,89.70,78.21
27.40,27.40,80.17,89.52,76.08
27.86,27.86,74.66,92.18,74.09
34.48,34.48,69.40,89.75,75.92
35.29,35.29,64.74,91.68,72.61
37.01,37.01,61.05,90.89,73.21
33.81,33.81,61.52,90.66,72.22
32.14,32.14,68.24,91.75,71.75
40.09,40.09,65.30,88.31,68.05
38.68,38.68,58.71,83.53,65.16
44.81,44.81,55.49,78.77,62.84
46.54,46.54,57.75,64.92,64.06
35.35,35.35,60.30,58.64,60.19
25.10,25.10,61.75,47.41,54.81
21.60,21.60,92.48,35.54,54.55
19.89,19.89,93.68,26.20,53.02
15.19,15.19,93.77,10.37,50.81
14.15,14.15,93.78,11.02,46.27
15.95,15.95,90.23,10.28,53.62
28.17,28.17,84.74,9.74,61.70
40.11,40.11,78.64,17.53,65.14
46.20,46.20,69.79,14.93,72.20
49.73,49.73,62.56,13.81,75.42
52.10,52.10,55.77,8.56,70.61
50.03,50.03,55.75,24.88,66.55
50.30,50.30,59.23,37.26,74.27
46.39,46.39,61.57,52.80,73.41
44.60,44.60,75.41,69.04,79.52
43.94,43.94,78.65,85.50,86.61
40.85,40.85,73.22,89.60,85.33
34.50,34.50,64.91,87.57,84.82
30.96,30.96,60.40,88.81,84.47
28.32,28.32,57.84,90.15,82.20
28.08,28.08,56.88,88.19,81.54
28.70,28.70,69.61,89.28,75.62
24.41,24.41,63.76,85.77,62.81
25.44,25.44,56.45,81.19,72.20
30.18,30.18,58.44,76.76,75.28
29.28,29.28,64.02,63.71,66.69
24.81,24.81,66.79,50.60,61.13
17.02,17.02,66.83,47.48,62.19
23.12,23.12,92.14,38.95,66.92
24.00,24.00,93.39,23.61,67.66
25.19,25.19,91.55,21.07,74.33
27.77,27.77,91.97,32.12,74.58
25.37,25.37,89.16,43.95,78.33
25.34,25.34,84.63,57.05,77.69
33.26,33.26,76.62,68.13,78.56
30.72,30.72,72.61,77.82,75.36
33.62,33.62,66.19,80.07,75.96
36.83,36.83,64.49,80.44,77.05
37.36,37.36,63.50,82.13,74.54
37.85,37.85,64.18,81.90,74.60
32.42,32.42,67.02,85.01,71.51
32.07,32.07,79.73,83.76,70.32
34.02,34.02,81.57,79.43,72.03
44.00,44.00,76.06,77.73,71.80
49.06,49.06,70.18,69.52,74.67
52.41,52.41,67.19,60.87,73.10
55.37,55.37,63.42,55.76,74.57
47.78,47.78,64.12,57.31,72.78
44.05,44.05,67.81,85.35,86.40
34.08,34.08,60.69,88.41,85.05
34.18,34.18,55.03,92.80,82.14
35.27,35.27,53.37,88.67,82.89
31.31,31.31,64.17,91.42,80.09
24.21,24.21,74.41,89.98,77.15
19.28,19.28,82.95,83.29,70.68
20.73,20.73,92.69,66.06,59.68
20.20,20.20,94.27,54.95,54.03
14.34,14.34,94.45,49.59,47.94
16.65,16.65,91.33,35.72,41.31
10.53,10.53,88.51,36.28,41.18
14.87,14.87,80.99,45.63,47.14
22.68,22.68,70.71,61.51,50.69
22.71,22.71,81.26,65.41,41.32
22.89,22.89,83.27,69.71,36.13
17.70,17.70,74.65,69.36,26.23
6.86,6.86,64.46,63.58,25.24
4.88,4.88,56.51,57.21,41.29
12.03,12.03,53.99,54.03,54.43
25.36,25.36,80.30,74.28,81.68
22.59,22.59,77.17,89.65,85.10
27.23,27.23,69.85,88.47,83.52
28.35,28.35,65.30,89.44,81.63
25.49,25.49,60.58,88.28,80.93
23.95,23.95,55.61,88.77,80.52
23.20,23.20,57.22,89.87,78.83
24.62,24.62,68.76,88.37,76.11
23.08,23.08,60.67,88.94,74.74
19.27,19.27,45.92,89.49,71.64
12.09,12.09,41.27,87.71,67.04
8.96,8.96,57.27,90.66,66.74
8.54,8.54,65.99,87.62,63.82
20.61,20.61,80.50,78.27,67.59
26.74,26.74,91.04,65.61,71.66
26.72,26.72,93.29,65.03,71.15
36.24,36.24,91.57,58.73,73.78
47.25,47.25,91.25,43.77,75.60
54.95,54.95,87.49,53.01,77.88
54.20,54.20,81.48,60.56,78.71
40.94,40.94,73.37,68.78,79.77
43.53,43.53,69.76,79.70,80.74
55.75,55.75,65.24,84.68,81.40
59.43,59.43,62.40,83.97,80.72
57.53,57.53,60.55,85.90,79.39
50.89,50.89,63.83,83.70,78.88
43.83,43.83,66.15,86.25,78.78
45.86,45.86,83.43,84.37,74.01
49.66,49.66,79.64,81.91,73.89
53.62,53.62,73.86,85.06,75.28
51.64,51.64,69.60,82.33,72.66
53.10,53.10,66.64,84.97,72.84
53.02,53.02,65.06,85.93,68.70
52.08,52.08,69.42,83.37,67.83
45.21,45.21,71.44,83.42,65.37
44.91,44.91,65.09,77.38,64.58
44.90,44.90,60.78,72.58,61.02
49.83,49.83,60.35,67.11,62.97
42.99,42.99,62.22,59.14,59.54
34.48,34.48,60.89,46.61,50.80
26.25,26.25,77.71,38.00,47.99
23.97,23.97,92.53,28.42,46.25
27.66,27.66,94.68,10.52,46.71
33.31,33.31,93.40,10.29,45.56
32.28,32.28,92.04,10.10,42.35
40.75,40.75,87.65,8.02,54.39
45.90,45.90,81.02,6.45,62.70
57.73,57.73,74.15,12.73,68.67
62.52,62.52,65.58,8.49,66.99
66.23,66.23,60.99,9.54,74.58
65.55,65.55,59.32,4.80,74.99
62.82,62.82,63.95,0.94,60.95
51.83,51.83,65.68,4.89,56.99
50.50,50.50,80.35,25.46,55.22
49.40,49.40,90.35,38.56,63.80
54.80,54.80,93.59,41.74,62.81
61.38,61.38,93.00,50.61,67.63
63.78,63.78,92.86,50.87,68.84
65.92,65.92,88.90,49.97,74.51
65.85,65.85,83.73,62.73,75.35
62.17,62.17,78.79,71.11,72.61
57.13,57.13,81.28,78.96,66.15
50.97,50.97,73.72,77.00,66.63
51.80,51.80,68.35,75.15,61.51
44.18,44.18,65.10,69.37,59.61
40.58,40.58,65.16,59.21,50.70
35.12,35.12,68.33,46.68,53.41
33.24,33.24,87.01,32.77,65.46
38.63,38.63,91.63,20.73,68.98
42.15,42.15,92.47,30.81,71.12
42.02,42.02,92.89,31.52,70.66
42.40,42.40,89.39,45.82,75.32
42.64,42.64,86.25,61.05,77.84
41.05,41.05,80.45,71.94,77.26
43.09,43.09,74.78,75.81,77.22
41.74,41.74,69.48,85.00,77.33
46.02,46.02,65.43,83.13,75.41
49.00,49.00,63.12,89.09,73.79
46.64,46.64,64.23,85.89,74.76
39.38,39.38,66.17,84.63,72.60
35.45,35.45,72.22,88.00,70.31
35.80,35.80,83.11,84.77,67.26
33.62,33.62,77.61,86.20,63.51
34.53,34.53,71.72,81.89,60.87
35.97,35.97,66.45,74.83,54.29
31.53,31.53,61.91,62.42,48.46
33.04,33.04,56.80,52.16,53.40
32.64,32.64,66.98,73.77,72.19
32.16,32.16,72.19,82.41,81.49
36.14,36.14,64.27,90.06,79.89
45.02,45.02,60.50,86.91,75.63
44.17,44.17,63.81,88.70,78.15
38.81,38.81,67.28,88.38,73.54
35.22,35.22,78.26,85.25,70.12
29.93,29.93,88.99,71.77,64.61
27.36,27.36,93.06,62.75,54.65
19.90,19.90,94.14,48.20,49.51
17.91,17.91,92.58,42.78,45.11
15.63,15.63,90.60,49.86,38.12
21.58,21.58,85.56,49.41,38.89
29.63,29.63,84.03,64.15,43.08
36.56,36.56,78.75,69.90,43.07
31.56,31.56,79.14,78.44,34.07
26.62,26.62,74.77,79.21,27.16
19.50,19.50,61.83,79.92,22.71
15.52,15.52,39.46,69.22,35.63
24.22,24.22,48.92,60.17,50.16
31.45,31.45,68.75,65.71,69.36
39.58,39.58,81.12,84.34,79.21
54.87,54.87,74.98,79.13,80.52
59.07,59.07,71.29,80.58,79.29
58.66,58.66,67.50,84.66,78.75
56.26,56.26,69.03,76.82,80.59
54.85,54.85,67.88,85.12,73.34
51.72,51.72,70.54,77.96,73.46
43.73,43.73,65.70,81.04,71.94
31.86,31.86,53.98,85.96,69.45
31.39,31.39,42.19,78.06,67.55
36.32,36.32,47.71,86.75,64.72
38.43,38.43,67.64,79.10,61.20
32.73,32.73,71.99,75.77,58.40
31.20,31.20,92.16,63.25,69.39
32.57,32.57,92.29,64.41,68.38
36.68,36.68,91.94,58.08,73.76
41.59,41.59,91.68,40.09,75.25
43.41,43.41,89.67,39.29,78.34
43.08,43.08,84.68,59.22,77.94
48.38,48.38,77.49,67.26,78.43
53.11,53.11,71.73,77.02,75.44
56.29,56.29,68.53,81.27,78.88
56.23,56.23,66.83,85.24,81.55
53.72,53.72,63.17,87.08,80.87
49.68,49.68,65.63,86.16,78.23
48.89,48.89,66.82,86.93,77.42
48.45,48.45,76.22,87.13,76.97
47.35,47.35,82.14,85.69,76.69
48.61,48.61,76.10,85.37,75.83
50.76,50.76,71.88,85.28,73.20
49.89,49.89,68.25,87.00,74.86
46.23,46.23,67.42,86.52,77.95
44.47,44.47,66.78,86.00,75.25
39.29,39.29,71.82,84.61,75.54
34.95,34.95,68.79,85.84,66.38
36.91,36.91,63.28,82.59,67.45
38.69,38.69,62.35,78.80,64.08
39.04,39.04,62.51,70.56,64.45
30.61,30.61,63.21,61.14,58.12
24.03,24.03,62.58,52.38,50.83
20.87,20.87,92.89,48.87,46.64
21.52,21.52,93.79,34.84,46.39
16.85,16.85,93.83,17.50,45.89
21.27,21.27,93.67,14.05,41.42
29.56,29.56,89.94,16.50,48.84
28.56,28.56,84.55,10.17,61.30
27.87,27.87,77.49,10.88,64.54
28.40,28.40,69.75,17.64,75.86
33.03,33.03,62.97,21.15,72.10
37.99,37.99,59.95,19.86,76.24
38.98,38.98,59.94,34.94,73.20
35.24,35.24,62.12,45.11,79.02
21.22,21.22,63.80,57.68,79.53
22.85,22.85,76.84,74.50,78.25
20.35,20.35,78.23,86.53,82.51
22.43,22.43,73.07,89.75,80.85
20.23,20.23,67.91,92.51,80.47
15.77,15.77,62.21,88.91,77.55
11.31,11.31,60.55,87.86,78.96
12.01,12.01,59.31,91.27,76.17
20.78,20.78,68.54,89.05,69.53
20.47,20.47,64.13,88.51,70.11
23.34,23.34,57.35,86.19,72.34
26.02,26.02,53.86,82.42,66.22
24.82,24.82,54.40,70.90,58.79
16.65,16.65,60.19,60.52,56.44
12.70,12.70,72.92,43.21,64.26
25.15,25.15,91.90,51.82,70.00
19.17,19.17,94.29,45.51,71.73
21.21,21.21,91.95,50.27,73.27
13.72,13.72,90.47,48.26,74.67
10.83,10.83,87.97,55.45,78.02
13.06,13.06,82.93,63.40,77.91
18.34,18.34,78.54,79.62,75.62
18.18,18.18,73.35,82.22,73.68
19.37,19.37,68.29,86.34,72.72
20.71,20.71,64.87,89.51,73.04
25.87,25.87,62.22,87.53,72.34
30.37,30.37,63.72,90.66,71.08
29.34,29.34,65.79,88.29,72.50
27.47,27.47,79.35,86.99,72.32
27.88,27.88,80.57,90.57,72.21
38.30,38.30,74.48,82.89,72.87
47.80,47.80,70.37,81.10,75.08
46.63,46.63,68.09,71.76,74.67
40.19,40.19,65.36,60.84,74.55
30.98,30.98,68.29,63.40,73.28
15.77,15.77,73.42,82.84,84.68
12.21,12.21,66.81,88.46,80.73
19.52,19.52,61.84,86.23,80.17
22.48,22.48,62.04,92.22,78.95
24.23,24.23,65.24,89.79,77.47
16.67,16.67,77.23,87.79,75.91
10.96,10.96,81.12,82.29,68.85
11.86,11.86,92.44,68.89,60.56
11.02,11.02,93.77,58.71,58.12
6.09,6.09,93.58,52.67,53.01
1.27,1.27,92.11,56.43,48.37
5.05,5.05,88.25,63.30,41.48
14.83,14.83,80.49,68.09,42.90
21.43,21.43,77.49,70.38,47.56
21.56,21.56,76.35,79.32,45.47
20.67,20.67,69.50,80.63,42.41
13.40,13.40,63.68,76.75,37.18
5.85,5.85,45.78,71.80,31.87
4.83,4.83,43.47,62.29,43.96
6.90,6.90,53.89,60.73,57.43
20.55,20.55,81.49,81.83,81.31
24.41,24.41,77.94,87.10,81.26
22.88,22.88,70.94,87.53,81.27
14.11,14.11,65.65,89.79,80.04
12.28,12.28,61.27,88.32,78.16
10.24,10.24,58.10,88.36,78.73
12.08,12.08,59.47,89.61,76.22
17.22,17.22,67.38,88.82,75.91
15.83,15.83,58.21,90.79,74.32
15.42,15.42,45.97,89.67,71.80
9.52,9.52,42.54,88.83,69.57
6.13,6.13,48.70,92.14,67.82
10.54,10.54,55.94,90.04,66.07
22.02,22.02,78.90,76.40,71.71
25.83,25.83,86.36,62.45,76.52
30.06,30.06,84.92,53.04,78.36
20.56,20.56,84.02,53.51,78.88
19.99,19.99,81.47,53.73,78.56
18.40,18.40,79.40,42.88,78.54
21.29,21.29,73.06,37.78,77.43
26.63,26.63,70.20,36.07,77.10
30.82,30.82,67.56,33.03,76.72
34.11,34.11,63.82,31.35,77.11
37.25,37.25,61.71,32.67,77.37
41.77,41.77,60.19,27.90,77.57
36.22,36.22,60.96,27.31,76.16
30.12,30.12,61.99,27.05,70.37
23.54,23.54,75.69,25.91,72.86
39.35,39.35,76.04,20.56,69.38
50.64,50.64,75.24,17.89,67.39
53.43,53.43,74.41,26.21,65.29
59.54,59.54,74.46,27.69,62.45
63.45,63.45,72.54,29.64,61.11
59.60,59.60,73.36,33.93,63.16
46.90,46.90,74.46,30.92,62.34
36.94,36.94,73.95,21.05,57.60
29.42,29.42,72.58,19.50,54.49
23.02,23.02,73.50,17.51,54.40
19.34,19.34,73.91,6.09,55.75
18.67,18.67,72.17,1.16,52.15
16.68,16.68,84.16,2.20,48.04
16.62,16.62,93.34,6.95,45.19
14.17,14.17,93.53,11.93,47.41
6.37,6.37,94.55,11.26,43.58
8.05,8.05,91.54,11.60,44.50
15.59,15.59,87.39,9.33,58.33
22.14,22.14,80.72,8.97,61.28
31.36,31.36,72.72,16.61,73.88
39.20,39.20,66.93,11.66,69.09
45.03,45.03,61.95,14.82,73.88
48.57,48.57,60.59,22.33,73.34
44.93,44.93,60.91,33.52,79.19
37.83,37.83,63.20,48.42,81.35
26.27,26.27,67.20,60.06,76.99
24.03,24.03,79.97,85.79,84.25
27.20,27.20,77.28,87.75,83.71
17.98,17.98,72.86,87.83,82.21
17.10,17.10,68.85,86.02,83.89
15.89,15.89,69.45,87.14,81.83
15.30,15.30,68.00,91.33,80.99
20.87,20.87,72.27,86.88,78.70
21.90,21.90,72.76,87.42,73.83
19.67,19.67,72.23,84.62,73.06
19.96,19.96,71.79,78.16,70.81
21.14,21.14,72.65,69.31,70.39
17.81,17.81,73.12,57.92,64.67
9.04,9.04,73.34,47.82,62.27
18.38,18.38,89.00,43.95,67.17
21.40,21.40,91.70,33.82,71.19
22.30,22.30,93.36,27.95,70.32
18.41,18.41,91.96,31.42,72.54
15.25,15.25,89.00,42.61,75.08
16.31,16.31,87.55,56.72,76.10
13.43,13.43,81.09,73.09,75.50
17.64,17.64,74.08,77.72,76.61
16.10,16.10,69.89,86.31,77.48
20.65,20.65,62.38,87.00,76.12
25.33,25.33,60.90,86.75,75.36
26.54,26.54,61.87,87.81,72.91
22.78,22.78,65.04,86.15,72.20
22.12,22.12,73.99,88.10,72.17
27.03,27.03,82.45,88.62,73.75
22.67,22.67,76.40,81.90,71.82
20.22,20.22,72.58,79.99,75.13
23.94,23.94,69.23,68.90,74.95
24.79,24.79,67.13,62.88,74.44
20.27,20.27,65.58,60.28,70.78
16.51,16.51,68.74,71.40,80.98
17.97,17.97,66.17,89.09,84.83
12.33,12.33,61.24,89.62,83.79
14.15,14.15,58.74,89.48,83.96
14.90,14.90,58.82,88.07,83.63
9.64,9.64,67.29,90.76,81.82
1.94,1.94,73.34,86.62,76.56
2.88,2.88,89.95,69.27,65.31
7.14,7.14,93.47,65.52,54.59
4.85,4.85,94.11,50.65,51.28
0.52,0.52,92.45,50.22,44.52
0.28,0.28,90.57,32.02,41.52
3.61,3.61,84.21,44.32,46.29
10.86,10.86,77.48,50.55,50.86
16.20,16.20,78.16,59.92,49.37
19.17,19.17,81.13,65.59,42.37
16.42,16.42,78.34,63.26,32.49
6.08,6.08,69.06,58.89,29.03
1.82,1.82,57.70,56.74,40.30
4.84,4.84,50.29,54.67,51.08
17.47,17.47,67.81,66.37,70.38
18.61,18.61,78.30,86.17,85.49
22.31,22.31,73.91,86.38,82.61
21.76,21.76,68.82,87.72,81.53
19.54,19.54,65.64,86.44,81.65
13.42,13.42,63.02,88.56,81.34
7.84,7.84,62.37,86.82,81.08
12.94,12.94,70.70,85.42,79.24
13.41,13.41,67.57,87.42,77.43
6.34,6.34,63.41,85.59,75.66
4.12,4.12,63.04,88.93,73.32
3.57,3.57,65.89,87.15,69.64
5.48,5.48,70.61,85.01,66.79
17.39,17.39,76.57,84.45,64.13
24.35,24.35,92.28,66.81,72.09
20.96,20.96,92.40,64.41,68.31
21.36,21.36,91.98,51.08,70.98
18.36,18.36,91.83,42.76,72.49
14.22,14.22,89.52,40.91,75.53
15.37,15.37,84.15,54.97,76.26
10.36,10.36,76.45,65.03,76.08
15.35,15.35,72.07,78.34,81.38
18.40,18.40,66.21,87.41,82.17
19.04,19.04,61.43,89.83,82.52
20.66,20.66,60.67,89.85,81.96
16.74,16.74,62.40,89.02,81.13
13.22,13.22,64.68,90.06,80.25
28.03,28.03,77.18,87.51,79.30
25.24,25.24,80.74,87.66,77.78
22.16,22.16,75.22,90.30,74.39
25.33,25.33,70.40,88.03,74.40
30.73,30.73,66.50,89.01,73.76
31.93,31.93,64.84,89.14,72.34
29.07,29.07,65.13,87.81,69.87
24.04,24.04,71.19,90.30,69.14
18.79,18.79,66.76,85.39,65.79
19.54,19.54,61.36,81.12,63.22
19.99,19.99,62.06,76.30,63.29
18.03,18.03,61.81,64.84,62.16
13.55,13.55,61.94,55.14,56.84
12.06,12.06,65.69,47.19,54.25
20.17,20.17,92.24,39.86,57.06
23.21,23.21,94.65,26.56,56.71
22.43,22.43,93.84,7.62,57.04
16.88,16.88,93.08,7.55,54.59
13.70,13.70,89.23,4.38,54.39
20.57,20.57,84.59,1.35,60.95
30.79,30.79,77.60,4.61,72.53
37.57,37.57,74.71,8.85,79.28
43.07,43.07,70.54,9.19,76.85
43.67,43.67,65.48,14.26,71.65
40.43,40.43,61.77,28.33,76.25
31.60,31.60,61.80,45.16,81.61
23.09,23.09,63.14,53.86,77.04
29.08,29.08,79.38,73.64,79.51
27.88,27.88,78.35,87.55,84.66
24.67,24.67,72.09,88.99,83.01
27.04,27.04,67.92,89.23,82.93
24.20,24.20,63.06,86.34,81.83
22.04,22.04,60.71,89.91,81.05
20.66,20.66,62.55,87.79,81.54
21.23,21.23,73.64,87.59,73.59
21.53,21.53,71.15,88.04,69.82
26.17,26.17,67.54,79.54,68.59
29.19,29.19,65.69,73.50,76.90
23.84,23.84,65.99,60.24,72.53
15.02,15.02,66.14,54.58,60.65
12.23,12.23,75.15,50.96,64.19
23.89,23.89,91.82,45.74,69.20
23.16,23.16,93.15,39.91,71.76
24.85,24.85,92.67,38.89,72.99
17.77,17.77,90.01,43.54,73.78
19.07,19.07,88.65,51.98,76.54
21.49,21.49,83.97,63.34,76.70
19.67,19.67,77.47,68.89,76.38
17.15,17.15,73.46,76.31,76.60
17.72,17.72,69.82,80.25,76.12
22.98,22.98,64.84,83.09,75.35
27.05,27.05,63.38,83.12,75.78
25.12,25.12,65.87,84.20,73.66
21.51,21.51,67.60,81.91,73.32
23.23,23.23,82.75,81.22,73.35
27.19,27.19,81.19,81.16,70.45
29.66,29.66,76.90,76.66,71.46
31.33,31.33,70.94,71.04,75.30
35.82,35.82,67.80,60.35,75.19
31.49,31.49,65.18,59.36,73.55
23.14,23.14,68.28,61.32,73.54
22.01,22.01,71.71,82.08,88.37
25.88,25.88,66.46,83.66,85.75
26.99,26.99,62.31,81.25,84.75
26.19,26.19,57.30,79.61,83.64
26.62,26.62,60.03,82.73,82.95
23.50,23.50,73.60,83.11,81.75
17.68,17.68,81.17,64.77,68.79
13.74,13.74,92.36,65.33,60.08
18.11,18.11,94.68,52.75,55.67
22.99,22.99,92.91,43.33,55.08
18.93,18.93,92.37,32.35,49.42
9.76,9.76,88.02,35.41,46.15
16.06,16.06,80.36,48.99,48.70
24.98,24.98,77.46,56.23,53.91
25.58,25.58,75.71,59.03,50.57
24.76,24.76,74.86,60.57,47.00
20.40,20.40,69.82,57.50,48.93
12.01,12.01,57.39,46.20,42.50
6.24,6.24,44.78,49.92,45.07
14.45,14.45,57.62,55.58,57.84
32.93,32.93,82.75,84.89,82.22
23.96,23.96,75.96,89.03,83.75
22.07,22.07,68.99,92.89,82.04
23.37,23.37,64.93,88.04,82.50
25.83,25.83,59.62,90.75,80.65
23.38,23.38,56.47,90.13,78.74
23.89,23.89,62.23,90.14,78.88
23.04,23.04,70.93,92.05,77.88
19.31,19.31,67.08,89.94,74.38
16.62,16.62,61.52,90.55,72.54
13.77,13.77,56.43,92.16,69.80
10.45,10.45,60.72,90.85,67.00
4.51,4.51,70.37,90.94,62.48
15.45,15.45,86.41,80.45,67.08
26.50,26.50,91.15,68.21,69.82
25.95,25.95,93.09,57.83,70.22
25.10,25.10,91.67,49.92,71.75
28.01,28.01,90.98,44.22,77.47
30.43,30.43,87.22,56.83,77.72
28.82,28.82,79.38,62.25,77.53
33.15,33.15,74.58,75.12,79.24
34.87,34.87,72.03,78.92,81.75
41.17,41.17,66.79,83.12,83.16
42.33,42.33,62.02,83.89,84.02
43.64,43.64,63.95,84.80,83.91
43.44,43.44,66.33,82.75,82.39
41.63,41.63,69.53,83.17,80.21
38.56,38.56,82.99,83.06,77.61
36.63,36.63,78.78,82.37,76.95
38.19,38.19,74.65,83.80,75.65
42.45,42.45,69.80,83.40,73.56
44.77,44.77,66.72,82.54,72.93
44.19,44.19,66.07,83.74,72.28
41.43,41.43,72.15,84.95,71.46
33.25,33.25,75.18,79.84,68.04
32.45,32.45,70.69,80.44,64.49
30.55,30.55,67.35,71.88,62.88
33.24,33.24,62.43,66.71,63.23
28.82,28.82,62.85,56.11,61.96
19.60,19.60,62.26,44.20,55.89
20.27,20.27,83.86,48.18,58.28
17.58,17.58,92.84,31.89,54.45
22.31,22.31,93.67,29.63,56.90
29.44,29.44,94.48,34.01,54.75
35.06,35.06,90.74,34.66,60.68
41.62,41.62,85.95,30.60,64.39
50.95,50.95,74.91,24.74,70.47
50.54,50.54,76.07,33.10,75.39
49.72,49.72,77.06,37.60,72.99
56.47,56.47,76.00,49.16,76.99
49.00,49.00,75.27,57.85,74.49
51.71,51.71,71.36,72.11,75.77
40.08,40.08,68.68,73.05,77.28
30.50,30.50,73.11,72.78,71.46
29.11,29.11,81.99,86.26,82.68
24.74,24.74,76.60,84.84,80.54
18.14,18.14,68.57,88.81,81.34
18.76,18.76,66.98,91.63,81.09
23.28,23.28,64.48,86.40,77.63
35.13,35.13,67.60,89.40,76.61
35.55,35.55,68.93,86.16,74.63
32.02,32.02,65.35,89.69,71.59
30.47,30.47,64.15,89.08,73.41
33.06,33.06,61.94,83.95,73.32
36.39,36.39,61.52,79.32,67.64
35.31,35.31,64.84,76.90,66.53
32.04,32.04,65.34,65.74,68.53
40.67,40.67,86.65,64.75,73.95
51.24,51.24,84.68,61.48,74.38
46.15,46.15,84.64,58.93,75.69
51.95,51.95,82.25,62.33,79.46
46.91,46.91,80.17,70.54,78.19
41.40,41.40,76.55,67.37,76.61
47.49,47.49,74.13,75.16,77.62
40.72,40.72,72.86,81.62,79.19
31.01,31.01,68.12,88.13,77.50
24.12,24.12,65.68,87.15,75.90
23.49,23.49,64.11,89.64,76.42
20.06,20.06,63.98,93.49,74.63
19.90,19.90,65.30,91.01,70.92
23.50,23.50,75.42,90.79,72.28
22.59,22.59,83.57,87.87,67.15
23.58,23.58,77.64,86.56,61.95
27.88,27.88,73.07,85.03,63.27
32.06,32.06,68.11,82.05,63.16
25.19,25.19,63.22,73.36,64.92
22.79,22.79,60.34,71.04,62.40
18.67,18.67,68.23,79.83,77.84
21.39,21.39,67.38,87.31,81.93
27.21,27.21,63.72,87.91,80.86
27.18,27.18,60.15,93.17,78.75
24.21,24.21,59.77,91.42,78.07
21.56,21.56,61.38,91.17,75.64
24.18,24.18,64.07,89.60,75.44
22.35,22.35,67.64,64.43,66.23
34.74,34.74,63.87,63.68,65.35
40.32,40.32,61.74,66.40,64.38
34.79,34.79,60.93,56.81,61.50
47.09,47.09,62.13,65.89,59.30
43.78,43.78,63.85,75.62,59.12
38.04,38.04,66.64,80.54,56.51
33.01,33.01,70.98,83.76,56.92
33.11,33.11,65.41,86.13,56.35
33.68,33.68,62.75,87.38,57.69
35.59,35.59,61.62,79.61,60.32
35.94,35.94,62.50,65.84,62.39
30.02,30.02,62.91,72.41,61.56
26.95,26.95,74.53,73.17,73.96
17.92,17.92,79.50,85.76,82.59
20.44,20.44,73.91,87.28,80.99
18.22,18.22,68.66,93.22,78.36
15.00,15.00,65.20,90.45,78.42
17.17,17.17,64.49,92.35,79.84
23.77,23.77,64.42,90.09,77.28
28.27,28.27,70.19,90.70,73.06
28.74,28.74,62.44,93.72,71.09
28.08,28.08,57.93,90.81,69.23
25.02,25.02,57.78,92.04,70.25
21.32,21.32,57.59,90.06,67.36
22.59,22.59,59.28,90.12,64.53
29.97,29.97,67.87,90.13,68.75
40.97,40.97,87.15,71.08,76.44
43.57,43.57,84.97,65.39,77.62
42.59,42.59,84.38,62.07,79.81
45.90,45.90,80.79,69.51,79.78
47.62,47.62,79.18,61.30,80.08
41.35,41.35,75.39,53.97,77.83
44.22,44.22,72.99,64.77,78.51
42.64,42.64,71.68,79.95,77.83
43.31,43.31,68.11,85.76,80.46
40.36,40.36,63.47,92.17,80.77
39.13,39.13,63.47,91.35,76.31
30.85,30.85,65.02,93.34,77.14
26.95,26.95,66.03,90.97,77.50
27.37,27.37,78.35,88.88,76.82
24.84,24.84,78.28,92.00,73.31
26.65,26.65,73.75,90.63,74.59
29.63,29.63,67.77,92.62,74.82
31.63,31.63,64.78,89.76,74.23
36.32,36.32,63.60,90.21,73.09
37.92,37.92,64.49,92.88,71.71
30.55,30.55,71.59,91.00,71.35
35.57,35.57,66.23,90.97,70.07
39.00,39.00,63.14,84.99,68.20
32.85,32.85,61.71,81.66,68.60
34.79,34.79,60.72,74.44,67.28
31.78,31.78,62.69,67.84,63.75
45.20,45.20,64.07,56.83,63.37
45.63,45.63,69.07,57.40,58.24
39.61,39.61,66.73,58.82,56.12
35.14,35.14,65.82,61.18,58.41
36.32,36.32,65.55,59.30,58.62
42.30,42.30,65.15,52.73,59.66
44.68,44.68,65.43,55.77,63.06
39.60,39.60,71.61,49.21,70.38
39.58,39.58,71.84,54.47,73.02
44.32,44.32,69.08,51.00,75.39
46.56,46.56,68.67,52.40,78.37
45.66,45.66,68.32,52.87,79.09
43.56,43.56,68.54,53.84,72.16
32.05,32.05,70.49,58.69,73.49
22.71,22.71,81.10,77.25,82.57
17.31,17.31,78.59,86.32,81.53
17.60,17.60,72.26,86.64,83.63
11.57,11.57,65.73,88.84,81.93
17.22,17.22,63.60,89.10,80.48
17.48,17.48,60.52,88.32,79.22
24.65,24.65,62.51,89.46,78.07
24.85,24.85,66.22,86.63,74.23
24.34,24.34,64.21,87.73,70.68
31.12,31.12,63.52,83.12,66.55
30.83,30.83,64.08,69.56,65.25
26.19,26.19,65.34,59.15,65.83
27.71,27.71,66.53,50.68,69.13
32.13,32.13,76.60,56.54,72.90
33.27,33.27,84.79,57.99,79.34
29.06,29.06,83.67,58.36,78.51
23.26,23.26,82.70,55.56,80.51
24.32,24.32,79.32,58.92,80.15
28.57,28.57,77.06,62.48,79.24
22.74,22.74,73.50,68.58,79.53
15.93,15.93,75.90,77.54,78.47
15.02,15.02,72.94,87.08,78.19
19.16,19.16,73.97,86.24,78.10
19.75,19.75,72.59,87.63,76.89
17.54,17.54,67.70,91.87,76.86
19.55,19.55,66.01,89.36,74.84
20.46,20.46,66.96,87.81,75.10
26.81,26.81,79.33,90.11,74.24
24.69,24.69,77.34,86.91,73.40
21.95,21.95,71.82,83.32,73.17
19.31,19.31,68.79,79.21,74.87
18.54,18.54,67.37,68.37,75.06
13.68,13.68,66.87,64.42,74.07
15.33,15.33,68.70,66.23,74.85
17.64,17.64,70.06,85.53,85.48
15.01,15.01,66.06,86.77,80.63
15.75,15.75,61.29,85.84,81.94
15.77,15.77,58.87,93.17,78.03
17.55,17.55,60.73,87.09,77.31
12.36,12.36,62.33,84.90,75.96
15.03,15.03,65.96,80.97,68.35
20.64,20.64,66.96,58.00,61.15
25.61,25.61,66.98,52.32,58.70
22.14,22.14,66.55,48.57,57.29
25.54,25.54,67.99,52.98,58.32
28.01,28.01,69.54,67.40,57.48
27.16,27.16,69.11,73.57,55.95
32.18,32.18,71.92,80.69,58.14
32.38,32.38,69.71,86.84,55.92
32.30,32.30,69.83,82.58,54.46
29.01,29.01,69.32,81.01,54.31
24.78,24.78,69.02,69.88,55.87
16.11,16.11,69.53,61.81,57.55
22.28,22.28,73.32,63.97,65.80
27.11,27.11,83.60,82.07,82.89
22.05,22.05,81.42,85.88,81.09
25.16,25.16,79.50,84.22,80.95
15.03,15.03,73.79,91.79,78.92
10.12,10.12,69.47,89.46,77.46
10.17,10.17,66.93,88.19,77.28
17.75,17.75,66.01,90.22,75.43
16.98,16.98,67.38,89.53,74.01
16.20,16.20,65.13,89.88,73.70
19.72,19.72,65.28,89.37,71.05
20.06,20.06,65.78,90.04,69.46
19.04,19.04,65.36,90.58,71.08
25.02,25.02,66.70,89.43,68.16
30.99,30.99,80.67,74.87,77.58
30.86,30.86,83.07,62.17,78.97
34.23,34.23,82.93,60.89,80.74
37.45,37.45,81.68,60.51,80.38
38.70,38.70,80.29,55.18,79.93
35.90,35.90,77.40,56.63,79.10
34.12,34.12,74.55,57.89,78.24
30.58,30.58,75.14,72.87,79.07
23.24,23.24,73.29,86.64,79.77
23.23,23.23,72.92,85.91,83.18
18.73,18.73,70.73,89.59,80.60
16.72,16.72,69.42,88.19,80.73
19.32,19.32,69.74,84.98,79.71
28.12,28.12,73.67,85.26,75.61
30.68,30.68,84.81,60.28,68.21
29.83,29.83,81.54,55.33,64.54
34.16,34.16,79.21,45.54,63.33
29.62,29.62,75.45,44.34,60.54
28.74,28.74,65.99,39.10,54.78
30.79,30.79,59.88,34.82,54.40
41.60,41.60,66.24,39.80,66.05
43.10,43.10,69.43,40.13,68.56
37.05,37.05,61.03,40.60,60.96
37.18,37.18,54.00,41.07,51.85
27.95,27.95,41.52,33.98,38.20
19.29,19.29,39.26,24.19,36.49
33.31,33.31,46.99,13.44,46.09
40.09,40.09,83.56,15.20,55.28
36.45,36.45,87.45,15.24,55.25
35.32,35.32,72.26,15.94,57.36
38.25,38.25,60.27,20.87,53.20
45.12,45.12,49.72,27.09,45.79
53.27,53.27,46.08,30.49,56.66
56.47,56.47,51.96,32.21,63.74
57.76,57.76,69.85,37.73,68.86
62.10,62.10,63.52,44.71,69.53
63.61,63.61,60.11,39.17,74.68
61.87,61.87,57.13,43.00,72.38
55.93,55.93,57.40,40.56,73.56
46.17,46.17,62.39,29.66,71.69
41.72,41.72,73.56,8.11,71.98
40.76,40.76,84.81,2.66,77.49
40.95,40.95,78.60,1.81,77.09
36.47,36.47,73.19,4.62,75.87
34.06,34.06,70.61,6.53,75.42
34.35,34.35,68.46,6.34,76.49
34.22,34.22,66.63,3.89,73.54
35.70,35.70,69.40,6.03,73.16
35.30,35.30,67.13,12.31,70.25
35.50,35.50,59.96,14.17,64.28
38.32,38.32,53.55,12.86,72.03
34.57,34.57,52.82,11.06,70.26
36.29,36.29,60.52,12.16,66.12
38.55,38.55,62.88,4.20,61.07
34.02,34.02,89.94,4.37,53.63
30.39,30.39,85.60,4.62,46.69
41.68,41.68,71.55,11.19,52.34
39.95,39.95,56.13,19.65,49.82
35.20,35.20,48.18,29.87,49.46
34.27,34.27,49.54,33.95,51.26
31.02,31.02,55.52,30.46,56.71
31.24,31.24,69.98,29.49,63.36
27.41,27.41,61.45,23.42,66.70
32.84,32.84,50.92,28.89,69.59
36.97,36.97,46.06,26.38,71.69
33.63,33.63,50.18,29.05,72.52
27.24,27.24,54.77,27.75,70.01
30.12,30.12,71.21,20.29,67.36
26.91,26.91,83.32,28.55,65.25
22.49,22.49,76.85,32.33,61.99
25.30,25.30,71.35,30.76,59.40
24.27,24.27,68.48,36.44,55.71
22.79,22.79,63.73,31.97,56.37
27.06,27.06,59.95,22.16,59.76
27.70,27.70,71.62,11.64,72.05
18.90,18.90,72.02,0.91,79.28
21.43,21.43,68.79,-0.00,77.99
22.03,22.03,66.61,-0.00,74.97
24.77,24.77,64.59,0.02,76.00
19.92,19.92,68.19,-0.00,70.59
19.76,19.76,68.00,0.00,72.07
26.22,26.22,90.69,0.67,73.44
20.38,20.38,83.98,1.09,70.91
27.62,27.62,67.73,9.74,65.55
34.65,34.65,52.52,21.44,50.70
37.68,37.68,47.70,22.62,45.10
33.43,33.43,50.32,30.29,47.79
32.38,32.38,63.78,38.01,51.34
30.51,30.51,69.24,37.69,53.08
34.22,34.22,61.62,34.98,54.83
41.48,41.48,55.35,39.85,52.80
39.61,39.61,58.46,42.49,53.71
38.99,38.99,54.45,34.07,53.29
21.35,21.35,54.29,27.46,56.84
21.27,21.27,76.45,9.21,69.63
22.11,22.11,82.47,0.23,80.16
23.49,23.49,76.50,0.68,79.19
19.37,19.37,71.94,5.30,78.87
18.99,18.99,68.64,5.98,77.02
19.86,19.86,65.41,13.18,76.22
15.59,15.59,63.03,17.46,74.32
17.11,17.11,71.87,17.12,73.33
16.87,16.87,64.82,13.90,74.13
20.08,20.08,57.05,12.81,73.03
28.45,28.45,54.82,13.07,73.77
30.90,30.90,55.84,9.68,71.47
26.22,26.22,63.70,2.99,69.48
31.69,31.69,71.89,0.01,70.62
33.72,33.72,90.68,0.02,71.52
26.36,26.36,79.25,-0.00,70.65
28.55,28.55,66.20,3.54,65.42
34.56,34.56,52.96,7.18,54.64
35.14,35.14,46.08,14.01,45.93
30.63,30.63,47.21,11.86,50.28
32.81,32.81,63.16,14.21,56.83
33.75,33.75,68.88,4.73,77.22
36.68,36.68,69.75,4.47,78.74
40.38,40.38,68.70,9.81,77.72
42.99,42.99,66.48,16.57,76.50
48.58,48.58,63.53,19.37,76.12
49.54,49.54,59.70,17.32,75.35
64.25,64.25,79.22,16.66,73.75
74.19,74.19,81.13,16.80,72.70
68.31,68.31,75.53,18.95,70.46
71.54,71.54,70.01,13.16,69.35
77.40,77.40,68.40,13.13,69.95
79.72,79.72,67.48,8.32,72.87
76.84,76.84,67.91,13.68,70.11
75.66,75.66,71.39,22.92,67.28
74.45,74.45,67.81,21.46,61.19
71.44,71.44,61.72,31.30,57.63
73.58,73.58,57.97,29.99,52.98
74.59,74.59,59.42,22.99,53.17
74.73,74.73,61.00,24.77,54.09
77.35,77.35,68.68,14.17,63.29
86.13,86.13,77.06,5.57,78.11
82.85,82.85,66.69,2.47,71.64
81.74,81.74,64.17,7.32,64.93
81.23,81.23,53.28,11.55,60.21
76.93,76.93,49.68,16.13,59.36
78.96,78.96,53.93,16.25,59.02
77.63,77.63,61.99,17.88,59.66
77.78,77.78,61.98,19.70,60.79
78.00,78.00,55.75,17.88,61.23
78.46,78.46,48.88,19.20,60.59
74.69,74.69,51.42,11.95,58.36
79.31,79.31,60.98,12.36,63.21
78.19,78.19,66.72,10.65,66.35
76.48,76.48,82.02,4.37,73.29
77.35,77.35,79.32,0.11,78.07
77.16,77.16,75.00,0.05,74.29
77.95,77.95,72.98,0.82,76.95
77.10,77.10,71.08,1.72,74.47
78.86,78.86,66.52,2.29,74.38
78.25,78.25,66.57,3.31,72.88
72.62,72.62,68.03,12.12,69.33
67.82,67.82,59.36,13.69,64.83
63.52,63.52,53.55,24.91,62.95
60.56,60.56,46.58,33.73,54.80
67.20,67.20,51.56,26.14,55.49
72.02,72.02,56.59,23.49,57.22
76.95,76.95,75.14,10.96,75.40
85.44,85.44,69.19,10.66,83.57
80.33,80.33,63.78,10.00,75.42
78.58,78.58,64.29,15.58,65.98
82.74,82.74,62.75,17.67,58.91
80.26,80.26,61.39,27.16,59.38
79.57,79.57,64.04,29.78,57.27
78.71,78.71,67.18,24.65,63.79
78.70,78.70,65.18,21.38,66.35
73.87,73.87,60.62,20.13,68.67
72.04,72.04,57.89,18.78,68.91
76.59,76.59,55.25,21.85,70.25
77.25,77.25,60.40,20.68,70.99
73.13,73.13,67.82,16.28,71.08
76.19,76.19,79.90,20.65,67.25
75.18,75.18,77.09,13.03,61.94
78.47,78.47,71.04,12.23,59.50
80.10,80.10,65.06,28.04,59.01
76.57,76.57,62.51,27.25,58.99
73.31,73.31,62.04,15.81,58.65
75.47,75.47,68.54,8.24,63.38
75.00,75.00,71.68,1.62,76.82
72.61,72.61,68.90,3.54,77.28
71.68,71.68,66.78,6.67,76.71
72.07,72.07,65.13,13.49,76.25
72.36,72.36,65.07,10.68,74.32
71.05,71.05,64.90,14.25,72.36
74.34,74.34,79.15,9.07,78.20
78.52,78.52,81.49,2.34,81.38
78.04,78.04,69.25,6.15,74.18
78.53,78.53,64.46,14.22,60.43
77.96,77.96,52.79,12.42,59.84
80.79,80.79,49.08,17.79,55.26
81.01,81.01,53.38,19.85,55.49
80.41,80.41,63.70,20.26,62.21
79.43,79.43,59.61,22.32,63.32
81.72,81.72,52.29,34.62,59.81
79.40,79.40,47.94,31.89,53.89
79.06,79.06,53.18,22.98,51.90
78.55,78.55,61.99,30.24,54.25
78.63,78.63,68.66,18.15,60.30
78.45,78.45,82.18,9.77,72.04
80.95,80.95,78.73,4.89,77.38
79.49,79.49,74.05,4.92,76.52
78.69,78.69,69.95,3.50,76.49
80.80,80.80,66.91,8.62,74.53
80.18,80.18,66.32,12.22,74.68
78.09,78.09,67.67,21.97,73.29
76.28,76.28,67.58,22.44,72.73
71.75,71.75,61.92,28.74,71.77
70.04,70.04,58.69,23.72,71.33
71.04,71.04,57.53,19.03,69.35
70.24,70.24,61.36,14.35,67.52
69.42,69.42,69.77,3.42,64.16
77.16,77.16,82.25,-0.00,74.74
74.55,74.55,84.78,-0.00,77.92
76.81,76.81,74.92,5.26,72.49
75.68,75.68,63.26,10.66,66.24
75.44,75.44,63.29,17.02,65.38
74.85,74.85,63.51,22.46,65.19
75.12,75.12,66.16,20.44,66.63
75.58,75.58,69.26,12.26,71.27
73.78,73.78,67.08,5.64,75.72
71.86,71.86,64.96,11.97,77.58
73.79,73.79,64.69,13.72,76.89
73.16,73.16,64.18,18.63,76.32
72.15,72.15,67.99,19.32,74.95
73.07,73.07,72.68,17.11,70.94
74.09,74.09,82.56,20.78,72.95
72.26,72.26,76.31,26.10,73.47
73.26,73.26,71.71,25.94,70.43
74.74,74.74,67.23,25.54,72.75
74.09,74.09,64.09,24.51,71.10
72.88,72.88,63.36,25.57,71.52
72.89,72.89,68.29,25.59,68.53
73.48,73.48,66.94,29.00,67.63
71.05,71.05,60.54,31.00,62.66
71.42,71.42,58.22,27.39,58.24
72.09,72.09,56.65,32.44,58.20
72.42,72.42,58.81,25.43,58.50
73.08,73.08,62.32,20.12,57.14
72.32,72.32,86.20,17.60,64.82
73.20,73.20,83.75,26.15,72.40
75.67,75.67,67.30,30.60,65.20
75.86,75.86,61.47,28.91,58.31
75.61,75.61,60.30,27.45,57.54
73.24,73.24,60.53,34.05,53.62
74.52,74.52,63.15,38.93,55.71
75.39,75.39,67.92,38.06,56.47
75.40,75.40,62.78,37.84,57.70
74.47,74.47,59.17,38.69,57.66
74.64,74.64,58.13,44.56,61.35
74.24,74.24,60.05,40.79,61.95
75.23,75.23,63.10,36.77,64.56
68.80,68.80,72.67,32.22,63.10
70.07,70.07,80.07,21.04,73.45
68.62,68.62,75.82,17.75,76.41
70.20,70.20,69.90,13.07,75.06
66.29,66.29,64.75,20.00,70.01
68.38,68.38,60.42,27.72,76.35
66.13,66.13,56.74,22.16,69.09
68.71,68.71,68.35,28.87,72.32
67.93,67.93,64.87,32.26,68.77
68.47,68.47,55.13,33.81,65.16
68.90,68.90,49.79,39.65,63.12
70.85,70.85,50.34,39.52,61.11
69.45,69.45,56.39,32.69,57.76
73.28,73.28,64.08,23.41,59.01
69.09,69.09,89.44,21.24,65.94
66.97,66.97,83.87,26.39,69.47
69.17,69.17,68.10,30.82,62.45
69.78,69.78,50.97,29.62,60.64
73.06,73.06,47.84,21.20,60.81
71.25,71.25,51.31,25.51,62.43
71.62,71.62,60.69,26.58,64.33
74.41,74.41,68.62,31.49,69.59
72.40,72.40,60.43,27.06,69.77
71.56,71.56,51.56,20.57,72.25
70.81,70.81,52.72,25.09,73.61
72.34,72.34,56.83,27.41,70.01
73.54,73.54,61.79,30.25,74.27
69.32,69.32,76.12,35.43,69.58
67.28,67.28,81.92,27.90,68.33
70.26,70.26,75.24,27.23,65.51
73.58,73.58,70.27,35.23,62.17
72.73,72.73,65.96,37.17,61.39
72.54,72.54,61.14,32.08,62.10
72.45,72.45,59.45,29.89,63.68
71.28,71.28,69.56,21.78,72.62
69.27,69.27,67.42,18.52,78.07
70.55,70.55,61.16,11.04,76.01
73.94,73.94,59.49,13.81,75.98
71.50,71.50,55.34,14.90,69.83
69.60,69.60,68.40,10.50,73.29
68.62,68.62,68.65,7.40,64.99
70.40,70.40,89.07,14.53,77.76
66.54,66.54,80.06,22.60,73.06
68.47,68.47,62.48,27.15,66.41
68.35,68.35,53.30,27.86,64.03
71.04,71.04,50.44,24.25,65.03
70.71,70.71,54.75,29.72,65.59
68.58,68.58,63.34,37.36,63.29
72.21,72.21,67.44,37.50,62.67
74.11,74.11,59.13,37.23,64.31
74.19,74.19,52.63,40.90,64.79
69.05,69.05,50.69,38.34,65.56
68.96,68.96,55.37,35.21,63.60
69.09,69.09,60.36,26.55,63.91
74.60,74.60,77.87,12.78,71.78
75.95,75.95,80.77,8.52,74.52
79.99,79.99,75.01,10.01,76.99
78.24,78.24,70.08,12.76,69.32
77.80,77.80,65.29,23.23,73.93
78.57,78.57,63.81,14.10,72.50
75.78,75.78,63.76,16.36,72.35
74.41,74.41,70.61,19.14,72.24
73.47,73.47,62.44,21.80,68.89
72.30,72.30,53.18,17.73,70.52
70.51,70.51,48.30,22.74,71.07
72.64,72.64,49.30,15.14,67.94
72.81,72.81,58.71,14.01,70.00
74.47,74.47,69.08,9.35,67.95
78.36,78.36,77.29,6.38,86.64
76.38,76.38,65.07,11.94,75.19
77.50,77.50,55.87,19.16,69.72
77.34,77.34,53.22,23.08,65.82
78.86,78.86,52.65,18.69,62.10
78.01,78.01,56.38,21.60,64.04
78.17,78.17,62.79,21.67,64.56
78.01,78.01,60.34,24.11,68.62
77.75,77.75,56.01,16.98,75.71
78.56,78.56,52.73,22.49,72.61
78.00,78.00,56.85,25.77,74.18
73.96,73.96,64.21,23.44,72.79
72.31,72.31,67.83,28.68,68.80
73.82,73.82,81.44,27.73,73.59
75.28,75.28,80.39,27.98,70.89
76.63,76.63,73.32,29.86,69.13
76.02,76.02,68.32,25.75,70.09
75.11,75.11,64.31,27.04,69.08
75.68,75.68,62.34,26.98,69.16
76.63,76.63,63.85,22.06,69.66
74.13,74.13,69.75,20.75,69.87
70.26,70.26,60.31,21.01,67.48
67.64,67.64,50.72,30.86,64.95
67.39,67.39,48.06,34.61,61.31
66.15,66.15,54.60,38.80,61.12
72.43,72.43,59.48,33.92,60.99
76.09,76.09,66.26,21.30,68.69
79.96,79.96,82.44,18.45,83.16
82.58,82.58,67.28,16.66,70.83
81.91,81.91,61.73,18.34,67.05
81.94,81.94,54.50,23.34,62.29
80.93,80.93,53.59,26.95,58.79
80.99,80.99,57.24,30.28,59.53
78.94,78.94,64.97,32.56,60.37
83.24,83.24,61.28,37.22,62.00
81.17,81.17,56.89,32.66,62.06
82.62,82.62,54.99,35.11,60.88
83.21,83.21,59.39,32.38,59.17
81.71,81.71,63.47,33.57,60.71
82.00,82.00,65.34,24.84,63.98
79.46,79.46,82.69,22.52,72.73
81.23,81.23,79.07,24.37,75.82
83.45,83.45,72.31,27.17,75.37
81.24,81.24,68.21,26.91,76.43
82.44,82.44,65.26,32.84,73.35
81.05,81.05,63.52,35.67,73.18
82.26,82.26,65.83,30.61,73.75
82.81,82.81,69.01,31.98,68.56
78.32,78.32,61.30,34.34,66.32
78.56,78.56,54.22,26.71,61.79
77.04,77.04,50.76,32.81,59.25
76.72,76.72,51.33,27.80,56.06
77.10,77.10,60.57,17.97,57.03
78.81,78.81,74.46,9.17,69.05
79.79,79.79,82.95,6.05,80.81
82.21,82.21,69.59,4.40,67.56
80.51,80.51,55.35,13.08,63.29
79.71,79.71,46.85,19.99,55.19
79.02,79.02,54.75,21.05,56.00
77.99,77.99,59.36,18.16,57.75
77.88,77.88,65.54,21.53,60.31
80.42,80.42,61.38,26.08,67.88
79.87,79.87,55.09,24.40,65.64
80.67,80.67,50.70,20.44,69.33
79.46,79.46,52.88,26.39,67.42
80.46,80.46,59.99,27.12,63.82
78.41,78.41,67.11,22.22,69.21
78.63,78.63,82.56,28.51,64.20
75.96,75.96,78.61,27.76,62.86
77.65,77.65,72.37,34.59,60.53
78.63,78.63,67.13,31.60,55.31
76.23,76.23,64.31,38.26,55.26
77.96,77.96,63.17,39.24,55.98
78.51,78.51,67.84,30.88,61.62
79.20,79.20,69.83,28.49,74.47
72.24,72.24,63.70,26.70,74.10
74.82,74.82,58.85,17.69,76.45
70.37,70.37,56.14,18.11,67.11
68.87,68.87,54.91,18.71,67.36
68.64,68.64,58.89,15.10,70.31
77.81,77.81,70.78,16.69,77.07
80.83,80.83,66.48,11.74,85.52
78.92,78.92,60.83,15.59,76.48
77.79,77.79,56.64,27.20,64.60
80.38,80.38,57.36,23.37,60.14
81.01,81.01,58.14,18.84,59.41
80.67,80.67,61.36,21.62,56.43
81.78,81.78,65.69,25.27,60.96
80.66,80.66,60.78,34.41,60.03
79.35,79.35,57.18,33.33,58.74
77.77,77.77,55.51,36.14,57.81
77.62,77.62,59.59,36.34,57.63
77.55,77.55,63.26,32.18,59.20
77.51,77.51,70.89,12.43,63.31
76.67,76.67,82.36,12.48,78.64
76.43,76.43,76.32,12.27,75.28
78.05,78.05,71.51,13.97,81.76
77.77,77.77,66.70,11.62,73.03
75.71,75.71,64.55,7.64,73.49
77.66,77.66,62.81,13.79,76.62
77.08,77.08,67.90,16.48,69.12
77.26,77.26,66.52,11.02,72.56
71.68,71.68,56.86,15.24,73.24
72.58,72.58,48.16,24.95,67.07
72.61,72.61,48.06,29.61,71.16
73.14,73.14,58.12,21.33,68.17
74.71,74.71,66.23,15.45,67.31
79.57,79.57,79.77,10.19,80.95
78.71,78.71,81.42,16.73,81.34
78.20,78.20,70.88,20.14,70.54
77.27,77.27,58.61,23.64,63.09
78.06,78.06,51.72,25.44,59.68
80.13,80.13,54.47,25.14,59.20
82.29,82.29,60.68,20.18,59.79
81.55,81.55,67.55,16.98,64.83
81.26,81.26,61.81,18.78,75.88
81.66,81.66,54.57,16.56,73.66
80.60,80.60,52.67,21.73,75.31
80.59,80.59,58.22,24.07,75.51
79.21,79.21,62.15,24.71,70.67
80.08,80.08,73.41,24.56,71.74
80.13,80.13,81.62,21.96,71.47
80.69,80.69,75.78,15.97,67.86
79.58,79.58,71.80,20.09,70.65
78.87,78.87,67.60,14.66,69.28
81.35,81.35,64.45,15.01,67.30
81.03,81.03,62.12,20.17,69.93
82.09,82.09,67.68,16.32,66.46
80.15,80.15,63.98,21.83,64.24
73.49,73.49,56.85,23.18,62.12
75.24,75.24,51.33,28.75,58.16
72.84,72.84,50.76,36.64,56.93
70.63,70.63,58.01,32.03,56.81
70.46,70.46,60.44,21.19,59.58
76.76,76.76,86.16,12.46,77.64
79.61,79.61,79.53,21.13,75.28
76.48,76.48,67.20,20.51,70.01
74.99,74.99,56.84,22.69,62.16
74.22,74.22,55.13,21.67,62.69
73.36,73.36,60.14,23.31,62.30
71.94,71.94,64.95,28.63,62.59
72.76,72.76,66.63,30.48,61.55
76.53,76.53,63.08,39.07,60.61
73.58,73.58,57.16,43.03,58.70
73.71,73.71,57.69,34.83,58.28
76.48,76.48,60.45,33.93,60.05
67.55,67.55,65.95,28.76,61.07
67.59,67.59,74.82,14.40,66.42
64.96,64.96,82.36,8.83,80.81
61.60,61.60,76.24,3.48,79.51
60.64,60.64,71.54,8.76,77.57
65.32,65.32,68.12,12.95,76.40
70.77,70.77,65.27,23.02,75.62
68.54,68.54,63.98,25.42,76.12
60.91,60.91,70.12,15.97,73.27
66.09,66.09,64.99,17.04,70.15
66.51,66.51,56.36,25.55,66.58
64.48,64.48,50.40,37.14,61.85
62.14,62.14,52.65,35.01,56.58
66.55,66.55,59.38,28.54,54.78
65.25,65.25,64.22,19.19,55.86
60.09,60.09,90.84,16.46,67.05
53.66,53.66,83.17,17.09,66.13
53.42,53.42,66.75,26.49,66.89
53.99,53.99,53.49,33.06,53.44
51.72,51.72,50.60,38.32,51.23
50.73,50.73,51.12,32.24,53.73
52.10,52.10,60.42,33.28,60.35
53.45,53.45,68.12,25.64,67.09
51.95,51.95,58.83,21.29,70.22
54.33,54.33,48.44,23.66,73.57
53.76,53.76,47.83,21.70,72.97
51.92,51.92,53.53,22.96,71.73
46.22,46.22,58.02,28.56,71.32
47.98,47.98,75.49,33.89,68.69
46.35,46.35,81.46,33.50,67.70
45.52,45.52,77.11,34.66,60.98
48.63,48.63,71.98,38.46,57.21
48.99,48.99,67.40,41.19,52.40
48.59,48.59,61.92,39.46,54.27
45.08,45.08,58.35,29.56,57.62
46.80,46.80,71.73,16.18,74.93
38.95,38.95,70.12,6.35,80.25
44.86,44.86,67.32,8.19,77.41
46.08,46.08,63.97,15.70,75.83
42.64,42.64,60.22,20.19,74.80
39.74,39.74,65.30,17.11,73.25
43.56,43.56,76.15,21.57,77.88
44.10,44.10,86.17,25.21,84.75
37.72,37.72,80.32,26.28,78.93
39.68,39.68,66.92,32.61,68.26
43.75,43.75,59.19,31.38,57.22
43.03,43.03,50.22,27.95,49.21
45.01,45.01,53.62,41.19,47.49
47.26,47.26,63.23,41.52,51.85
49.59,49.59,67.72,47.23,54.27
50.75,50.75,61.19,43.02,55.14
53.96,53.96,56.44,44.42,52.46
54.72,54.72,54.48,44.54,52.32
52.56,52.56,49.95,39.05,52.18
53.65,53.65,53.51,27.95,52.50
65.57,65.57,79.51,14.24,70.97
72.53,72.53,79.85,4.44,76.77
77.60,77.60,74.33,6.44,79.14
70.10,70.10,70.83,13.57,73.84
77.66,77.66,66.08,15.20,72.58
76.93,76.93,64.34,18.25,70.85
75.54,75.54,63.42,18.76,69.38
69.70,69.70,67.03,23.02,72.36
68.49,68.49,65.47,20.26,72.66
68.26,68.26,61.46,22.86,70.74
71.97,71.97,58.84,16.79,71.37
72.84,72.84,59.33,18.92,71.00
72.49,72.49,63.43,13.77,69.27
74.73,74.73,74.18,13.77,76.66
71.96,71.96,83.16,19.88,84.49
70.73,70.73,74.52,14.34,74.08
66.85,66.85,63.16,20.02,67.30
68.70,68.70,57.57,18.27,62.35
74.59,74.59,56.32,16.49,64.46
78.57,78.57,58.81,23.21,62.93
79.33,79.33,63.90,23.51,68.13
78.91,78.91,60.95,24.30,70.97
78.56,78.56,56.26,22.97,74.35
78.60,78.60,52.24,22.28,75.94
77.22,77.22,54.17,21.05,74.79
75.27,75.27,57.07,25.95,73.75
72.17,72.17,62.77,22.03,72.68
69.64,69.64,81.67,24.65,72.26
68.94,68.94,78.37,21.70,70.47
71.61,71.61,72.17,21.95,70.03
73.61,73.61,68.90,24.54,69.92
75.46,75.46,66.53,29.47,69.55
75.15,75.15,63.59,29.57,68.31
71.56,71.56,65.72,24.69,68.32
65.90,65.90,69.94,20.72,64.82
62.02,62.02,63.89,32.27,60.85
58.21,58.21,61.32,35.77,60.34
60.56,60.56,57.60,41.87,53.97
65.68,65.68,55.42,27.52,52.44
67.75,67.75,56.25,23.40,56.10
77.30,77.30,65.50,7.59,70.23
86.00,86.00,73.19,12.57,79.19
79.38,79.38,61.75,17.18,65.80
81.87,81.87,53.82,22.75,66.18
81.09,81.09,46.22,19.17,58.68
80.53,80.53,52.41,22.34,59.75
78.42,78.42,57.73,31.97,59.08
80.94,80.94,64.38,29.92,59.30
80.36,80.36,63.14,34.69,59.62
77.30,77.30,57.52,35.46,59.04
74.02,74.02,53.11,31.88,57.19
72.29,72.29,50.07,36.91,57.71
76.45,76.45,55.81,31.32,59.52
77.43,77.43,62.65,19.48,59.75
79.27,79.27,75.81,19.01,74.47
75.96,75.96,73.69,9.70,77.34
73.66,73.66,69.41,10.75,77.47
72.29,72.29,64.49,12.91,75.16
73.07,73.07,60.77,15.21,74.57
78.37,78.37,59.21,20.99,72.84
77.17,77.17,63.44,25.35,71.21
77.49,77.49,66.98,29.54,70.31
75.63,75.63,57.59,25.28,65.42
74.94,74.94,49.80,31.60,63.54
74.58,74.58,45.73,30.57,58.92
75.28,75.28,48.01,26.07,57.31
76.67,76.67,55.67,25.54,61.29
81.68,81.68,70.07,15.09,77.46
78.41,78.41,74.11,2.71,87.62
79.07,79.07,64.99,5.43,68.94
78.36,78.36,50.10,11.38,64.09
77.22,77.22,50.34,18.37,60.75
77.41,77.41,54.30,20.53,59.72
76.35,76.35,57.98,25.57,61.31
76.58,76.58,64.32,22.54,62.68
77.32,77.32,60.41,26.93,67.78
72.12,72.12,58.11,25.84,69.05
67.26,67.26,57.64,28.16,69.23
66.57,66.57,60.34,27.03,69.59
67.39,67.39,67.91,23.75,70.58
67.84,67.84,74.16,27.29,70.66
71.51,71.51,81.03,20.26,66.45
70.06,70.06,75.00,16.57,62.10
74.72,74.72,70.65,19.71,62.75
81.24,81.24,64.52,28.63,61.47
81.28,81.28,60.97,28.54,61.32
80.38,80.38,62.02,18.64,61.75
79.60,79.60,67.29,21.65,64.41
77.31,77.31,66.66,17.59,75.35
76.92,76.92,58.43,19.11,78.88
75.27,75.27,53.60,18.03,76.19
67.85,67.85,49.55,21.70,74.85
68.10,68.10,50.58,20.31,75.01
70.63,70.63,59.99,16.96,72.89
82.69,82.69,74.28,18.68,81.29
81.30,81.30,76.76,26.42,81.71
77.15,77.15,67.09,29.03,72.93
74.68,74.68,59.60,28.15,65.55
76.83,76.83,58.75,25.96,61.81
79.30,79.30,58.47,33.21,59.20
80.20,80.20,59.73,29.89,57.18
81.47,81.47,64.22,33.35,60.16
79.90,79.90,60.36,31.67,59.92
79.79,79.79,56.14,27.23,59.38
80.98,80.98,54.07,35.12,58.60
80.38,80.38,58.78,32.08,60.88
81.28,81.28,63.78,31.28,61.78
79.43,79.43,71.99,18.87,64.44
79.65,79.65,80.77,21.99,77.54
79.58,79.58,75.64,14.19,76.48
78.37,78.37,70.52,16.13,75.93
78.98,78.98,67.12,21.16,74.96
77.47,77.47,65.18,16.05,73.78
75.47,75.47,63.01,17.48,73.05
72.29,72.29,70.17,17.22,72.52
70.92,70.92,66.22,21.81,73.55
64.72,64.72,57.48,20.46,72.07
64.18,64.18,48.72,18.58,75.38
62.24,62.24,48.27,20.55,71.04
60.37,60.37,57.79,17.47,72.36
65.42,65.42,66.14,9.69,73.30
71.37,71.37,74.44,7.99,83.49
65.39,65.39,76.07,8.66,84.25
64.74,64.74,65.08,9.88,78.43
62.58,62.58,55.61,20.07,75.88
61.12,61.12,57.15,15.93,73.73
56.94,56.94,62.32,14.86,74.14
57.25,57.25,65.20,22.25,74.18
60.00,60.00,68.58,26.24,80.00
56.79,56.79,64.05,24.20,79.19
56.66,56.66,61.78,20.88,79.44
56.60,56.60,59.58,20.24,78.48
57.59,57.59,64.29,18.82,79.77
57.57,57.57,66.11,16.03,79.52
55.58,55.58,74.69,23.67,77.57
53.28,53.28,82.05,20.72,74.59
50.73,50.73,76.30,23.28,76.34
52.51,52.51,72.25,24.69,74.42
52.38,52.38,69.29,28.13,78.14
54.55,54.55,67.15,20.67,73.91
51.96,51.96,66.59,20.72,74.27
47.32,47.32,71.10,22.02,70.80
46.25,46.25,68.88,26.21,70.00
43.71,43.71,63.93,33.20,65.41
47.94,47.94,62.02,38.09,63.76
50.83,50.83,63.38,31.50,63.18
45.48,45.48,64.94,28.00,59.78
40.91,40.91,68.33,14.26,59.47
45.88,45.88,90.20,13.57,62.83
43.77,43.77,84.15,18.87,59.20
45.45,45.45,67.76,27.78,63.51
45.40,45.40,61.42,36.60,60.92
42.42,42.42,53.08,37.42,56.13
39.14,39.14,51.26,38.96,59.50
37.19,37.19,60.76,40.28,65.40
37.51,37.51,69.54,44.32,65.88
41.95,41.95,62.57,44.93,74.42
43.76,43.76,58.14,47.06,79.63
40.89,40.89,55.66,44.79,79.55
39.12,39.12,57.90,43.21,74.44
32.98,32.98,62.37,36.58,65.34
27.99,27.99,75.60,14.65,72.55
25.20,25.20,80.09,8.47,79.26
25.47,25.47,74.32,8.32,81.67
28.74,28.74,69.51,9.94,76.85
26.59,26.59,65.21,21.43,79.55
30.05,30.05,62.89,23.34,76.95
29.19,29.19,61.32,26.90,74.58
29.98,29.98,71.25,22.48,76.92
30.13,30.13,65.37,31.35,73.62
29.27,29.27,59.48,37.40,72.05
29.89,29.89,57.82,37.18,73.73
28.93,28.93,59.10,32.80,73.33
28.77,28.77,63.55,29.10,71.10
26.60,26.60,70.29,20.64,69.54
31.75,31.75,90.49,23.09,69.10
30.45,30.45,82.34,25.97,66.05
32.47,32.47,70.13,32.42,65.91
30.92,30.92,64.12,30.88,64.82
27.19,27.19,64.70,34.06,63.03
24.20,24.20,67.99,30.36,63.34
25.62,25.62,70.37,33.10,63.16
25.24,25.24,71.04,31.96,71.28
23.99,23.99,68.15,23.08,67.37
24.84,24.84,67.67,25.38,74.15
26.23,26.23,65.10,23.96,72.96
23.66,23.66,68.12,28.72,68.37
15.35,15.35,69.14,30.85,76.62
25.03,25.03,79.78,30.38,65.48
26.91,26.91,80.87,35.74,65.24
25.51,25.51,76.48,36.02,63.39
26.14,26.14,72.66,38.46,59.22
20.35,20.35,69.92,43.93,60.77
21.06,21.06,68.55,33.44,64.42
14.43,14.43,65.92,30.96,65.87
17.70,17.70,72.00,28.69,74.57
18.65,18.65,66.76,17.86,76.82
25.67,25.67,61.60,14.10,76.50
29.50,29.50,60.28,14.36,77.68
30.97,30.97,61.32,15.87,72.24
27.36,27.36,68.79,12.90,74.76
30.28,30.28,76.26,15.81,69.51
33.27,33.27,86.61,24.47,84.28
33.70,33.70,78.09,33.46,72.86
37.88,37.88,68.97,37.16,68.22
39.50,39.50,67.64,36.95,66.28
38.42,38.42,67.62,33.34,66.23
38.49,38.49,68.82,36.76,60.48
44.43,44.43,72.54,42.15,59.38
47.08,47.08,71.64,41.22,61.09
50.58,50.58,70.98,38.92,65.60
52.41,52.41,68.37,39.54,69.85
55.67,55.67,68.01,28.93,71.54
54.75,54.75,69.80,33.99,73.82
45.34,45.34,68.24,27.37,68.51
48.47,48.47,81.40,11.92,77.69
48.61,48.61,80.08,5.62,77.82
46.89,46.89,75.08,9.61,78.99
46.98,46.98,70.59,18.68,77.16
41.36,41.36,69.16,19.93,75.50
37.67,37.67,68.40,21.89,76.43
34.93,34.93,71.71,23.26,72.44
35.65,35.65,75.40,24.91,71.42
38.82,38.82,72.89,27.41,73.11
35.85,35.85,73.68,35.11,70.57
32.34,32.34,72.48,30.17,73.00
37.42,37.42,71.36,25.22,68.76
37.96,37.96,71.53,19.90,67.73
41.08,41.08,77.51,17.27,73.12
42.51,42.51,86.31,8.76,83.61
50.06,50.06,75.56,4.48,73.80
49.26,49.26,67.96,9.75,75.36
48.13,48.13,66.57,15.73,78.76
52.54,52.54,65.77,18.33,76.88
52.24,52.24,63.86,16.45,76.46
51.51,51.51,67.65,15.36,77.47
50.54,50.54,64.65,17.69,81.20
51.73,51.73,60.54,20.48,79.63
53.02,53.02,56.18,26.13,81.44
54.57,54.57,60.20,24.31,79.66
52.03,52.03,62.21,27.27,81.00
43.94,43.94,64.91,24.52,83.20
42.76,42.76,82.95,21.34,79.22
42.40,42.40,78.59,28.34,76.81
43.00,43.00,73.45,31.45,77.91
44.37,44.37,70.04,26.62,77.53
45.29,45.29,68.23,22.05,78.90
45.28,45.28,67.55,22.64,77.54
44.20,44.20,70.61,24.15,76.54
48.50,48.50,71.70,30.00,75.83
48.29,48.29,66.63,27.51,74.81
50.50,50.50,62.84,32.28,71.79
50.77,50.77,61.09,34.48,67.96
51.15,51.15,61.97,33.39,68.13
59.92,59.92,64.03,34.24,65.68
66.13,66.13,66.94,33.32,63.61
70.70,70.70,63.00,35.79,62.79
79.37,79.37,56.79,25.23,63.46
80.27,80.27,52.94,14.63,64.61
80.07,80.07,51.49,18.11,65.43
78.11,78.11,55.02,22.72,64.68
80.47,80.47,58.25,26.93,65.27
78.37,78.37,66.53,23.59,66.62
75.24,75.24,63.75,27.32,66.78
80.70,80.70,61.06,29.34,67.64
81.59,81.59,57.93,28.69,66.69
81.76,81.76,59.78,26.38,66.52
80.49,80.49,62.88,18.70,68.01
82.31,82.31,67.96,13.35,69.52
80.03,80.03,81.86,12.79,79.17
81.08,81.08,77.18,11.13,75.74
80.00,80.00,71.78,13.84,76.62
80.87,80.87,67.09,22.04,77.48
79.63,79.63,63.32,30.07,71.39
78.03,78.03,62.13,28.95,73.76
77.05,77.05,67.07,26.01,74.56
77.18,77.18,67.98,25.28,68.93
74.54,74.54,60.27,30.29,68.35
74.12,74.12,55.55,26.29,66.39
72.84,72.84,53.73,31.47,67.99
66.71,66.71,56.93,31.38,68.29
66.07,66.07,60.32,21.08,65.46
71.65,71.65,66.07,26.27,63.52
77.43,77.43,62.53,40.19,62.77
82.64,82.64,59.72,37.75,65.06
80.81,80.81,54.81,32.46,64.49
79.36,79.36,54.60,33.32,64.23
80.23,80.23,57.77,36.80,63.57
82.36,82.36,61.67,31.64,65.00
80.14,80.14,68.98,23.50,67.98
80.88,80.88,64.40,28.84,70.86
79.32,79.32,58.05,32.17,66.88
78.93,78.93,55.28,33.26,69.37
78.32,78.32,58.98,29.96,71.05
78.74,78.74,64.65,28.59,66.98
78.52,78.52,70.61,33.72,71.40
75.98,75.98,83.52,22.88,69.96
79.20,79.20,77.38,30.70,64.19
77.91,77.91,71.33,29.77,62.07
80.56,80.56,68.11,30.68,62.00
77.96,77.96,66.08,28.26,61.04
75.74,75.74,63.40,18.84,63.54
72.54,72.54,67.85,22.71,69.26
74.14,74.14,65.86,17.62,80.63
71.66,71.66,58.19,21.09,75.20
70.39,70.39,52.06,17.48,79.54
68.86,68.86,51.09,14.11,75.53
71.81,71.81,55.18,19.99,73.37
74.51,74.51,57.43,25.60,75.60
72.61,72.61,65.17,22.59,67.82
75.53,75.53,63.87,22.56,66.89
75.95,75.95,62.21,24.55,68.65
76.26,76.26,62.56,26.02,66.78
77.41,77.41,60.82,26.08,64.88
77.69,77.69,63.29,24.81,64.78
77.77,77.77,65.47,27.41,63.95
77.69,77.69,70.18,30.03,66.89
77.54,77.54,64.21,25.31,64.56
78.21,78.21,62.87,28.95,66.03
78.15,78.15,62.59,25.12,65.55
77.97,77.97,62.60,25.73,63.83
77.29,77.29,65.85,31.66,64.82
74.99,74.99,72.91,24.14,70.20
75.60,75.60,80.87,21.47,78.30
77.32,77.32,75.79,10.23,78.99
70.96,70.96,71.43,12.29,74.33
65.21,65.21,69.77,17.24,77.42
65.86,65.86,79.13,20.33,75.85
65.96,65.96,78.07,22.46,72.72
73.98,73.98,72.96,22.65,74.12
77.41,77.41,69.92,25.45,72.82
73.13,73.13,71.75,21.51,71.50
69.12,69.12,79.98,22.77,74.18
69.44,69.44,75.78,23.73,72.29
69.95,69.95,69.20,25.25,72.76
73.90,73.90,69.58,31.00,70.00
74.00,74.00,78.71,35.20,68.63
75.73,75.73,77.35,33.74,66.26
72.76,72.76,83.08,34.78,67.70
72.41,72.41,78.48,42.54,64.60
78.51,78.51,71.64,40.22,63.12
79.42,79.42,64.64,32.78,62.49
78.30,78.30,63.10,32.55,60.77
74.25,74.25,63.72,26.44,69.45
76.86,76.86,57.05,18.31,76.24
82.47,82.47,53.42,16.06,72.89
79.82,79.82,53.31,19.07,74.80
82.57,82.57,58.73,16.59,74.89
82.79,82.79,62.40,16.02,70.17
81.20,81.20,76.21,23.68,73.41
79.13,79.13,81.44,19.82,72.72
76.93,76.93,76.09,25.22,68.68
71.44,71.44,69.38,23.99,69.92
68.74,68.74,63.07,23.98,70.95
69.23,69.23,62.17,27.08,68.24
77.17,77.17,64.36,26.39,72.38
75.22,75.22,62.44,31.32,66.37
75.26,75.26,62.11,33.61,66.49
71.32,71.32,59.35,33.16,62.97
69.68,69.68,58.09,35.56,54.66
68.23,68.23,58.06,36.26,55.33
65.24,65.24,58.21,30.36,55.78
71.79,71.79,70.04,17.60,63.21
78.53,78.53,86.80,13.11,78.49
73.81,73.81,81.30,14.41,66.95
74.22,74.22,57.20,11.46,66.84
74.20,74.20,55.72,15.18,63.40
75.96,75.96,57.57,20.59,68.14
75.21,75.21,60.49,28.02,67.57
73.55,73.55,66.72,30.43,70.24
73.79,73.79,67.58,26.89,72.17
73.90,73.90,65.44,20.28,71.99
74.71,74.71,61.30,25.91,75.61
73.58,73.58,60.73,12.74,77.13
72.86,72.86,62.98,21.19,75.67
70.16,70.16,64.98,14.14,75.52
73.89,73.89,77.25,2.99,80.73
78.61,78.61,76.24,1.62,83.49
80.83,80.83,71.96,0.01,82.01
81.04,81.04,67.58,1.20,80.14
80.35,80.35,63.85,5.33,78.58
79.42,79.42,62.13,6.98,76.87
75.51,75.51,62.85,6.04,79.59
71.13,71.13,71.26,4.42,75.69
64.07,64.07,65.60,11.04,69.70
64.94,64.94,60.87,20.53,67.88
68.37,68.37,61.52,32.74,65.28
67.24,67.24,61.54,35.92,58.60
63.37,63.37,66.31,22.20,57.72
56.08,56.08,73.20,10.13,57.14
52.57,52.57,90.70,0.84,60.30
56.21,56.21,85.20,0.02,57.39
51.70,51.70,83.29,2.52,60.17
52.59,52.59,78.38,14.64,55.60
54.49,54.49,72.34,22.19,61.71
54.01,54.01,68.93,22.30,66.25
56.55,56.55,69.52,23.97,69.38
47.15,47.15,65.47,22.16,73.93
50.96,50.96,56.55,22.43,77.03
48.84,48.84,45.36,25.79,76.99
47.92,47.92,47.54,26.78,73.74
42.13,42.13,51.46,26.30,72.63
40.78,40.78,56.24,26.45,71.28
40.30,40.30,78.68,29.09,68.59
36.50,36.50,80.63,30.26,64.15
36.45,36.45,74.12,35.29,60.76
38.91,38.91,69.06,39.94,59.45
39.84,39.84,65.59,35.72,55.71
37.89,37.89,60.74,32.71,59.83
39.33,39.33,57.71,22.07,61.82
42.37,42.37,67.74,18.23,87.97
39.59,39.59,60.21,15.06,88.00
37.56,37.56,48.58,20.34,84.71
36.84,36.84,44.00,18.79,83.36
35.84,35.84,53.17,12.86,83.36
40.51,40.51,63.98,5.44,82.78
38.29,38.29,77.28,6.37,79.79
41.38,41.38,83.99,8.32,86.11
35.72,35.72,79.14,20.36,79.09
28.42,28.42,65.92,31.40,66.62
31.87,31.87,54.61,33.33,52.61
33.53,33.53,52.61,35.21,50.20
35.90,35.90,53.67,38.60,49.62
38.57,38.57,68.27,42.66,51.36
36.15,36.15,67.04,47.97,52.78
42.02,42.02,60.17,48.31,53.02
49.64,49.64,55.56,50.99,52.58
50.70,50.70,52.64,44.29,53.27
49.55,49.55,50.01,37.08,53.32
55.64,55.64,52.48,29.76,59.54
73.01,73.01,78.91,20.98,81.25
75.33,75.33,75.56,25.51,86.90
79.51,79.51,71.33,28.08,85.44
78.13,78.13,67.25,28.03,83.96
80.03,80.03,63.23,30.67,82.39
79.80,79.80,62.80,33.91,81.44
79.66,79.66,65.84,32.41,80.28
79.28,79.28,68.06,24.48,80.71
75.82,75.82,61.82,17.72,78.08
74.74,74.74,57.36,13.59,75.56
76.70,76.70,57.87,15.01,73.63
78.10,78.10,64.41,6.80,71.83
74.63,74.63,69.61,0.19,68.83
75.96,75.96,81.60,0.06,68.77
76.14,76.14,89.09,0.02,65.86
73.85,73.85,83.31,6.53,64.11
74.15,74.15,81.88,14.00,62.89
75.04,75.04,76.09,28.87,60.45
76.67,76.67,70.92,24.20,59.98
76.32,76.32,67.76,26.25,63.32
77.31,77.31,67.23,29.67,73.91
78.20,78.20,61.97,28.71,78.79
74.50,74.50,59.30,28.85,81.51
75.54,75.54,58.54,25.22,83.43
74.58,74.58,59.63,26.84,83.26
73.61,73.61,63.44,25.90,81.45
71.17,71.17,65.78,24.72,79.24
80.32,80.32,73.91,29.31,77.80
76.20,76.20,70.17,31.85,77.95
73.81,73.81,65.32,23.83,76.52
81.80,81.80,62.03,29.22,74.03
80.54,80.54,62.28,32.08,70.45
80.42,80.42,61.08,30.91,68.67
80.36,80.36,66.27,31.10,68.32
77.71,77.71,68.71,35.11,67.07
76.30,76.30,60.72,36.58,63.61
74.33,74.33,53.07,34.86,60.12
73.77,73.77,49.64,37.71,59.93
75.27,75.27,53.65,30.68,59.76
75.95,75.95,61.57,24.86,61.72
78.82,78.82,80.17,19.15,68.71
74.08,74.08,88.80,10.29,61.02
80.32,80.32,70.11,21.99,61.72
80.70,80.70,59.22,29.23,56.61
80.62,80.62,56.21,27.63,51.58
79.60,79.60,59.09,24.06,52.16
80.53,80.53,62.84,27.51,48.32
81.51,81.51,67.75,39.00,46.07
80.07,80.07,63.30,45.14,44.81
79.64,79.64,61.86,45.71,51.59
79.46,79.46,58.09,44.03,53.50
78.05,78.05,61.31,40.04,56.79
77.43,77.43,63.32,25.43,61.35
75.98,75.98,70.22,18.25,67.77
76.58,76.58,80.51,16.28,82.10
74.41,74.41,74.54,8.69,84.15
77.90,77.90,68.90,8.78,84.10
77.33,77.33,64.17,8.12,83.25
77.25,77.25,62.35,6.98,79.79
76.57,76.57,61.74,2.57,78.48
79.01,79.01,67.44,12.36,77.08
78.42,78.42,67.43,14.96,72.54
75.42,75.42,60.74,17.27,62.80
73.26,73.26,55.76,22.64,60.45
74.28,74.28,56.45,31.01,57.26
73.37,73.37,63.60,26.91,57.15
75.00,75.00,68.67,19.17,54.83
75.24,75.24,86.94,4.76,64.54
73.46,73.46,86.69,0.00,59.53
76.47,76.47,84.65,0.29,63.96
76.21,76.21,81.56,11.74,61.31
76.76,76.76,74.09,16.49,61.65
77.16,77.16,70.46,12.47,62.85
76.74,76.74,68.09,18.81,68.39
76.46,76.46,69.39,15.91,72.00
75.00,75.00,65.28,21.03,74.26
69.88,69.88,61.44,18.87,75.19
66.43,66.43,60.27,23.19,74.74
66.11,66.11,61.52,25.95,74.39
61.93,61.93,67.08,28.46,73.88
69.03,69.03,74.16,29.39,71.34
73.07,73.07,82.16,28.25,70.30
73.63,73.63,77.62,27.10,70.95
75.32,75.32,71.89,31.61,67.64
76.69,76.69,69.21,26.56,67.43
76.27,76.27,65.46,26.37,67.19
71.08,71.08,62.29,21.09,67.40
71.00,71.00,65.44,13.19,79.41
72.05,72.05,64.50,8.91,85.42
73.61,73.61,64.33,12.40,84.07
74.34,74.34,64.93,21.07,82.48
73.37,73.37,63.43,24.34,80.08
74.40,74.40,64.14,22.78,79.13
75.04,75.04,72.09,12.93,74.95
76.66,76.66,85.20,10.67,67.26
73.35,73.35,86.28,13.34,58.22
74.09,74.09,67.16,23.94,55.77
72.47,72.47,59.75,25.57,51.16
80.18,80.18,60.83,24.40,51.35
80.79,80.79,62.83,36.46,51.91
78.98,78.98,67.19,38.19,54.38
77.02,77.02,67.56,43.56,56.50
80.40,80.40,63.67,36.51,58.32
79.73,79.73,60.94,33.29,58.79
80.69,80.69,57.69,42.58,58.48
79.34,79.34,61.88,36.06,59.32
78.38,78.38,64.61,32.90,65.01
79.34,79.34,73.88,18.83,74.78
78.49,78.49,79.46,8.39,85.66
78.03,78.03,72.44,4.18,84.86
78.33,78.33,66.91,8.96,84.84
76.24,76.24,62.19,18.09,84.84
77.26,77.26,61.20,19.64,82.84
77.09,77.09,60.33,25.54,81.33
75.57,75.57,66.84,22.49,79.68
75.93,75.93,63.91,23.83,78.55
72.59,72.59,54.74,25.02,77.62
72.48,72.48,48.14,23.69,76.31
70.99,70.99,55.45,17.32,72.77
69.53,69.53,66.17,9.77,68.92
69.93,69.93,73.39,3.77,62.60
70.45,70.45,89.76,0.82,64.45
69.21,69.21,86.53,0.22,60.70
72.61,72.61,84.14,6.36,65.10
76.61,76.61,79.80,17.48,61.79
77.16,77.16,72.55,23.21,59.99
78.24,78.24,68.72,16.85,60.52
78.56,78.56,66.55,19.84,64.03
76.09,76.09,64.32,25.98,81.24
78.07,78.07,59.87,29.58,83.56
79.50,79.50,56.63,35.45,83.37
77.69,77.69,56.42,30.76,82.88
77.20,77.20,62.52,23.49,84.16
78.16,78.16,66.72,23.10,82.18
77.07,77.07,78.23,17.83,79.89
74.28,74.28,80.81,17.05,76.21
76.35,76.35,75.65,20.91,75.97
76.79,76.79,69.73,18.62,75.74
73.68,73.68,66.88,18.72,74.00
72.67,72.67,64.23,21.97,69.76
72.09,72.09,64.43,27.66,69.34
73.12,73.12,70.93,23.99,68.81
72.42,72.42,66.14,31.78,66.79
71.61,71.61,59.62,35.30,62.20
69.49,69.49,56.31,27.28,57.21
70.70,70.70,54.69,29.05,55.34
69.68,69.68,60.26,29.38,53.56
71.24,71.24,69.51,31.23,57.07
71.98,71.98,90.54,28.48,60.01
65.61,65.61,81.62,25.93,51.21
60.32,60.32,68.54,34.73,51.17
48.58,48.58,53.71,35.01,45.12
52.50,52.50,47.42,33.69,48.75
61.02,61.02,51.45,35.17,55.82
66.94,66.94,61.68,41.36,56.04
67.26,67.26,68.12,44.52,60.80
66.93,66.93,60.19,52.01,73.45
64.41,64.41,54.71,53.42,74.21
61.43,61.43,53.04,47.96,76.52
56.18,56.18,58.02,43.28,73.19
57.42,57.42,63.71,36.31,76.75
55.18,55.18,78.33,25.16,81.33
53.24,53.24,80.19,13.61,83.56
56.42,56.42,74.26,17.19,83.53
59.27,59.27,68.44,23.25,78.98
47.42,47.42,65.00,23.73,81.40
50.76,50.76,61.97,19.90,79.58
46.24,46.24,57.47,26.96,77.60
42.03,42.03,72.17,33.64,76.29
37.85,37.85,63.57,26.14,74.62
38.71,38.71,57.47,34.01,73.47
38.19,38.19,55.84,36.17,67.71
39.52,39.52,60.59,41.91,70.92
36.50,36.50,63.14,25.37,58.76
39.29,39.29,74.60,12.44,54.20
36.89,36.89,90.72,2.40,55.15
36.52,36.52,85.39,0.46,52.46
33.19,33.19,83.72,9.95,52.50
30.34,30.34,78.61,18.79,52.92
27.66,27.66,72.08,21.91,53.48
29.66,29.66,68.36,20.83,61.41
28.25,28.25,69.81,13.74,65.22
28.40,28.40,67.51,16.68,70.97
29.58,29.58,62.39,21.74,73.23
33.81,33.81,60.75,25.59,71.87
37.06,37.06,61.07,24.72,76.31
42.90,42.90,62.67,21.26,70.68
51.93,51.93,64.36,25.12,74.78
62.61,62.61,81.72,29.32,71.13
78.53,78.53,81.53,22.67,71.59
82.42,82.42,74.48,26.67,67.68
82.80,82.80,71.53,29.67,68.13
82.28,82.28,68.03,32.95,69.47
76.21,76.21,67.30,29.71,70.05
76.62,76.62,67.58,20.29,72.24
74.52,74.52,68.95,11.43,80.47
67.17,67.17,62.23,1.77,80.84
67.11,67.11,54.94,8.76,80.54
67.56,67.56,54.58,13.40,77.46
64.65,64.65,63.61,15.43,77.28
63.24,63.24,65.19,17.87,73.30
66.79,66.79,78.24,19.29,75.52
63.28,63.28,90.48,15.17,73.69
59.22,59.22,75.93,19.15,72.72
59.64,59.64,69.36,29.45,71.06
60.42,60.42,68.05,23.69,71.02
57.61,57.61,69.31,29.36,72.21
53.74,53.74,70.12,33.66,73.05
55.01,55.01,72.04,39.56,77.63
56.25,56.25,69.17,45.24,79.93
55.57,55.57,62.25,42.61,79.91
51.80,51.80,59.36,45.70,76.58
52.23,52.23,56.10,40.57,77.04
59.26,59.26,62.17,36.24,77.15
70.95,70.95,74.56,29.79,77.48
70.98,70.98,80.10,27.26,82.26
68.14,68.14,76.31,24.08,82.52
70.22,70.22,71.22,21.11,81.86
78.55,78.55,67.55,25.23,81.14
76.73,76.73,65.35,22.32,81.25
75.87,75.87,66.07,18.45,78.85
75.61,75.61,70.10,18.08,79.61
75.39,75.39,70.56,19.85,79.12
72.65,72.65,63.50,20.99,79.03
72.69,72.69,58.71,20.57,76.03
74.32,74.32,59.44,17.60,76.35
73.95,73.95,66.35,9.77,76.65
71.14,71.14,71.82,8.42,73.28
66.23,66.23,82.82,2.42,73.71
66.33,66.33,89.13,0.01,71.28
69.20,69.20,83.30,0.09,74.36
69.87,69.87,81.31,0.93,74.26
71.77,71.77,75.90,12.93,75.35
71.12,71.12,71.79,17.62,74.80
69.90,69.90,68.85,20.08,74.12
68.97,68.97,69.76,21.66,77.23
69.70,69.70,65.71,19.59,81.75
70.54,70.54,63.46,20.84,80.05
70.01,70.01,59.41,28.12,79.10
71.76,71.76,60.58,27.32,81.72
69.39,69.39,63.05,24.08,80.04
68.03,68.03,67.45,25.66,81.50
69.01,69.01,81.75,25.03,80.81
71.51,71.51,77.62,24.46,80.58
73.89,73.89,72.83,20.56,80.92
74.63,74.63,68.69,25.62,79.50
74.61,74.61,66.49,25.34,76.27
74.01,74.01,65.09,23.20,76.54
73.40,73.40,69.93,25.14,79.90
74.51,74.51,69.87,23.31,79.82
68.41,68.41,62.25,25.34,76.95
68.74,68.74,54.19,30.19,75.93
72.88,72.88,50.85,30.45,77.28
74.21,74.21,60.95,29.79,75.72
72.38,72.38,69.60,24.59,74.65
75.49,75.49,84.57,22.35,74.16
70.13,70.13,88.54,23.95,72.35
75.79,75.79,68.88,21.34,73.74
79.08,79.08,60.97,23.04,75.66
80.60,80.60,55.66,24.53,75.60
80.60,80.60,60.20,26.78,74.13
81.14,81.14,63.17,24.69,72.34
80.43,80.43,68.64,31.80,68.54
77.43,77.43,64.18,33.81,66.72
77.53,77.53,61.17,34.80,70.11
77.75,77.75,59.78,36.20,73.23
78.15,78.15,60.18,33.76,73.54
77.65,77.65,65.88,27.18,73.77
76.05,76.05,72.02,23.51,76.60
77.70,77.70,81.30,4.61,83.57
80.25,80.25,76.03,2.44,80.61
79.80,79.80,70.93,10.17,82.28
75.83,75.83,65.00,14.91,79.88
76.56,76.56,61.84,12.30,79.59
73.73,73.73,59.42,10.81,80.02
67.40,67.40,66.35,16.75,76.60
56.61,56.61,66.04,21.11,75.15
50.89,50.89,56.19,23.84,74.64
50.22,50.22,44.55,34.06,74.90
48.70,48.70,49.22,30.44,75.85
47.27,47.27,59.38,23.00,72.92
49.59,49.59,64.18,10.09,72.05
65.83,65.83,86.84,0.04,69.33
60.64,60.64,87.14,0.00,68.55
69.76,69.76,84.93,0.63,67.75
77.82,77.82,81.89,6.53,68.92
77.10,77.10,74.68,9.59,68.75
77.32,77.32,69.45,18.13,68.89
78.63,78.63,66.35,20.61,72.28
79.35,79.35,66.34,20.90,74.20
78.02,78.02,62.61,19.49,72.09
77.25,77.25,62.40,27.25,76.27
76.41,76.41,58.63,26.09,75.33
78.18,78.18,62.09,22.95,74.18
75.37,75.37,64.82,24.58,74.68
73.08,73.08,72.18,18.38,69.60
74.97,74.97,79.49,19.82,70.08
72.27,72.27,74.13,27.43,68.64
69.75,69.75,66.58,33.39,70.33
70.80,70.80,61.85,29.42,71.80
77.86,77.86,59.43,24.66,72.60
74.03,74.03,60.74,21.14,73.85
79.02,79.02,69.18,9.73,80.60
77.96,77.96,70.41,13.30,84.33
78.69,78.69,67.26,9.76,80.88
78.02,78.02,64.06,14.01,81.73
76.49,76.49,62.57,16.35,80.20
75.66,75.66,61.38,14.64,77.99
74.05,74.05,65.03,13.66,77.62
83.55,83.55,78.59,14.15,78.28
81.45,81.45,82.36,12.26,74.67
82.46,82.46,62.88,16.26,69.94
83.60,83.60,56.80,19.38,66.74
83.92,83.92,59.75,19.82,65.76
81.70,81.70,64.95,25.85,65.91
80.25,80.25,69.84,30.92,63.45
79.39,79.39,72.74,30.98,65.46
78.57,78.57,70.38,38.32,65.67
78.88,78.88,70.36,44.56,68.51
79.60,79.60,69.47,39.13,68.85
80.04,80.04,67.88,33.05,69.41
80.16,80.16,68.52,23.05,72.48
78.99,78.99,76.84,13.48,76.13
76.02,76.02,78.07,11.39,84.08
78.09,78.09,71.97,11.97,82.40
78.97,78.97,65.91,13.51,82.86
73.09,73.09,61.29,14.83,82.28
71.34,71.34,61.62,12.28,80.53
71.71,71.71,59.86,14.88,80.29
72.63,72.63,65.70,18.13,79.67
72.63,72.63,64.20,19.27,76.11
67.83,67.83,57.55,15.11,77.12
68.15,68.15,54.61,24.17,75.40
69.72,69.72,58.82,22.45,72.24
70.07,70.07,64.69,12.64,69.81
68.34,68.34,74.44,8.50,66.05
70.87,70.87,89.86,0.00,69.84
71.20,71.20,86.01,0.01,66.12
76.65,76.65,83.76,0.09,68.55
77.62,77.62,78.61,2.16,65.38
80.74,80.74,71.08,6.31,66.04
82.47,82.47,64.59,12.49,66.29
82.25,82.25,62.00,18.53,68.89
80.42,80.42,59.75,26.00,80.96
79.75,79.75,54.05,18.44,79.76
81.47,81.47,50.65,29.85,84.02
84.25,84.25,52.95,33.16,83.07
83.69,83.69,60.30,27.25,77.94
82.65,82.65,65.47,32.82,81.53
80.28,80.28,77.65,28.89,77.32
80.62,80.62,79.17,26.17,76.31
81.00,81.00,73.02,22.55,77.79
81.42,81.42,67.23,23.06,74.95
80.18,80.18,62.99,29.28,74.47
79.83,79.83,60.66,28.03,74.40
79.04,79.04,63.87,24.43,70.42
77.05,77.05,69.41,24.11,72.87
76.18,76.18,64.37,21.25,67.98
74.93,74.93,57.55,22.50,66.20
76.20,76.20,55.92,27.23,65.43
75.60,75.60,57.85,31.48,63.17
75.53,75.53,62.21,21.78,63.42
74.91,74.91,66.30,13.03,64.40
75.99,75.99,77.28,3.27,66.62
77.33,77.33,79.99,-0.00,65.76
78.48,78.48,83.05,-0.00,68.59
77.63,77.63,84.33,-0.00,69.29
77.16,77.16,83.87,-0.00,69.19
78.48,78.48,82.19,0.00,71.42
78.21,78.21,83.53,0.05,69.85
79.09,79.09,77.14,0.00,70.30
79.85,79.85,80.26,0.00,71.59
79.42,79.42,77.08,-0.00,71.48
77.99,77.99,79.30,-0.00,69.43
74.58,74.58,77.49,-0.00,69.45
75.11,75.11,76.75,-0.00,71.48
70.47,70.47,80.81,0.42,79.93
74.87,74.87,75.93,0.07,86.15
77.26,77.26,72.20,-0.00,85.03
79.18,79.18,68.27,-0.00,85.24
78.31,78.31,71.22,-0.00,83.08
79.19,79.19,71.53,-0.00,83.01
77.90,77.90,66.52,-0.00,81.18
77.33,77.33,73.35,0.01,77.16
77.98,77.98,73.52,0.08,72.74
74.57,74.57,66.06,2.00,69.32
74.22,74.22,68.77,9.61,69.60
75.36,75.36,74.46,17.28,66.91
75.24,75.24,73.55,20.48,67.22
72.56,72.56,76.79,19.12,68.23
70.65,70.65,80.53,14.31,68.58
67.52,67.52,82.19,22.18,70.12
68.30,68.30,83.17,23.98,72.17
67.20,67.20,78.69,21.20,69.42
68.71,68.71,72.96,15.96,66.14
62.93,62.93,72.88,13.60,70.78
57.43,57.43,74.89,3.98,72.74
59.09,59.09,73.29,0.03,76.05
58.26,58.26,76.29,-0.00,76.97
59.52,59.52,74.40,-0.00,75.99
61.19,61.19,70.51,-0.00,76.01
61.33,61.33,74.67,-0.00,75.66
60.45,60.45,73.55,-0.00,74.75
74.01,74.01,78.29,2.67,73.06
72.42,72.42,75.75,13.18,70.98
71.85,71.85,73.85,20.74,70.32
78.30,78.30,76.80,19.99,70.85
76.73,76.73,74.03,16.67,68.42
71.76,71.76,74.71,7.22,70.77
75.37,75.37,73.60,9.29,74.77
82.44,82.44,66.75,10.96,83.46
81.08,81.08,67.37,8.25,82.54
81.74,81.74,62.48,3.17,81.17
81.02,81.02,66.13,0.40,79.72
79.81,79.81,66.85,0.82,79.72
76.96,76.96,65.43,0.84,79.33
69.93,69.93,67.94,5.93,69.53
54.41,54.41,63.74,19.10,65.14
52.51,52.51,71.73,32.64,64.66
47.00,47.00,67.16,34.28,60.98
49.01,49.01,62.14,33.12,63.52
47.30,47.30,66.23,39.40,64.75
47.55,47.55,64.07,38.51,63.37
48.50,48.50,71.16,30.45,64.05
52.53,52.53,68.65,22.21,65.51
51.63,51.63,72.98,22.70,67.23
50.04,50.04,70.65,24.54,67.26
50.73,50.73,61.99,25.57,69.50
44.70,44.70,71.31,17.56,69.90
47.20,47.20,68.38,4.71,69.33
56.32,56.32,78.81,2.75,82.93
59.14,59.14,72.61,3.32,85.51
59.62,59.62,66.24,1.57,84.69
54.48,54.48,63.70,0.00,83.93
53.01,53.01,59.79,-0.00,81.35
49.35,49.35,59.74,-0.00,81.82
44.68,44.68,62.90,-0.00,81.15
47.05,47.05,69.07,0.00,79.92
42.48,42.48,68.23,3.85,77.72
43.62,43.62,66.27,6.93,75.18
51.95,51.95,69.86,8.71,73.37
67.07,67.07,70.55,14.49,73.14
71.23,71.23,73.69,12.80,71.15
69.27,69.27,80.21,19.20,66.90
62.88,62.88,78.14,21.23,64.46
66.97,66.97,82.26,23.79,70.96
69.48,69.48,80.64,29.52,69.84
79.97,79.97,76.54,26.97,68.87
77.47,77.47,73.43,22.37,70.90
79.91,79.91,69.63,15.78,71.95
79.34,79.34,66.17,8.21,78.26
79.76,79.76,62.74,1.62,82.35
80.25,80.25,63.71,2.76,83.19
78.89,78.89,62.51,7.55,83.33
74.41,74.41,61.13,8.46,85.08
73.97,73.97,62.33,5.67,82.62
73.07,73.07,69.56,3.73,79.76
73.30,73.30,81.41,10.83,78.89
65.99,65.99,76.47,10.35,77.17
62.99,62.99,70.47,7.54,76.25
57.24,57.24,64.90,6.39,74.59
49.49,49.49,62.57,13.63,74.63
47.89,47.89,64.34,18.40,72.06
49.76,49.76,68.17,14.60,71.81
51.56,51.56,67.58,20.93,68.61
51.63,51.63,64.12,33.54,68.67
58.77,58.77,59.54,38.68,68.29
71.31,71.31,61.66,39.93,71.02
73.25,73.25,62.15,47.30,69.57
73.90,73.90,67.53,42.15,64.12
73.31,73.31,63.47,43.97,59.46
73.42,73.42,62.01,43.41,58.77
75.46,75.46,65.56,45.13,59.87
73.08,73.08,68.35,44.19,63.24
74.26,74.26,59.93,39.97,62.31
79.14,79.14,62.69,37.48,64.01
81.48,81.48,66.11,41.53,66.59
78.27,78.27,70.60,41.06,67.82
79.99,79.99,69.59,33.67,66.49
78.85,78.85,68.06,39.12,67.96
78.90,78.90,66.99,38.88,69.48
77.89,77.89,69.45,34.17,70.17
76.83,76.83,66.35,30.04,71.24
74.30,74.30,70.50,21.89,75.84
72.53,72.53,78.26,12.47,84.97
71.13,71.13,72.56,11.14,84.76
71.18,71.18,64.90,5.45,85.27
71.39,71.39,59.17,6.62,83.76
69.42,69.42,58.34,5.70,82.87
58.03,58.03,57.73,9.40,80.91
59.19,59.19,65.95,17.39,78.19
61.17,61.17,64.45,27.17,71.90
50.67,50.67,58.22,26.27,70.20
55.19,55.19,60.19,35.84,68.58
49.17,49.17,61.17,38.53,66.84
48.43,48.43,62.96,40.27,64.57
46.30,46.30,65.99,40.01,59.90
48.95,48.95,81.37,44.90,59.27
47.19,47.19,79.79,45.76,57.49
52.50,52.50,84.92,41.64,62.85
44.19,44.19,81.16,45.30,61.83
41.22,41.22,75.05,48.58,58.82
39.95,39.95,67.98,40.50,64.72
45.38,45.38,66.62,34.20,70.22
50.43,50.43,67.88,28.02,74.76
55.99,55.99,61.77,24.14,76.23
58.03,58.03,56.73,24.51,76.47
60.92,60.92,55.69,24.26,76.00
58.33,58.33,61.16,22.84,74.66
60.71,60.71,67.15,15.56,74.48
71.37,71.37,77.89,13.12,77.91
71.92,71.92,80.01,16.73,78.65
76.01,76.01,76.15,29.13,72.30
75.44,75.44,71.62,31.83,70.87
76.34,76.34,68.80,16.14,70.92
77.61,77.61,66.60,22.89,74.58
79.30,79.30,64.73,19.58,73.64
71.51,71.51,63.71,15.71,80.94
73.05,73.05,59.62,2.65,86.68
74.62,74.62,56.76,2.59,85.94
68.28,68.28,53.36,9.01,85.43
66.73,66.73,51.26,9.40,83.47
67.44,67.44,56.47,17.54,81.65
66.66,66.66,59.21,21.18,78.90
49.30,49.30,64.46,31.04,63.14
38.70,38.70,60.37,43.49,56.78
41.73,41.73,61.20,42.27,55.07
38.30,38.30,58.42,44.16,55.65
40.32,40.32,58.75,47.48,55.93
41.38,41.38,60.22,48.66,56.27
53.02,53.02,64.59,45.20,58.67
50.58,50.58,68.84,42.15,65.33
48.02,48.02,61.68,41.10,68.07
47.68,47.68,61.92,43.03,69.96
45.46,45.46,54.79,37.65,70.73
35.59,35.59,58.20,34.79,70.41
32.04,32.04,66.08,28.67,71.66
31.26,31.26,77.11,14.75,79.92
29.63,29.63,78.65,12.36,84.99
34.18,34.18,71.66,17.50,85.49
35.09,35.09,62.59,17.06,85.06
37.38,37.38,59.44,16.43,83.96
31.25,31.25,56.01,22.67,84.24
34.45,34.45,56.18,25.87,81.47
34.26,34.26,67.47,22.79,78.58
34.90,34.90,60.65,24.28,80.78
32.36,32.36,53.56,31.47,78.03
34.94,34.94,50.29,30.71,77.08
43.27,43.27,55.33,30.29,74.92
51.59,51.59,63.66,23.24,73.40
56.77,56.77,70.37,28.09,71.71
57.28,57.28,78.36,31.50,65.68
61.36,61.36,81.27,29.21,70.40
79.69,79.69,81.53,36.56,74.80
82.31,82.31,77.10,37.22,71.32
83.63,83.63,70.73,31.06,70.84
80.79,80.79,67.64,26.24,71.61
82.59,82.59,64.53,23.48,74.24
83.58,83.58,61.68,20.90,82.33
81.13,81.13,59.34,23.51,82.72
78.58,78.58,57.17,23.73,82.40
75.63,75.63,61.44,14.76,80.65
76.09,76.09,63.93,18.73,82.27
70.56,70.56,65.87,16.14,81.05
69.49,69.49,78.80,17.95,80.09
65.43,65.43,78.71,21.80,79.04
58.95,58.95,72.83,21.69,75.39
57.99,57.99,64.71,15.93,76.16
55.50,55.50,59.99,17.02,75.42
54.58,54.58,57.83,26.28,70.82
52.22,52.22,58.75,29.23,72.82
54.74,54.74,68.18,27.48,73.93
58.62,58.62,61.93,29.97,73.54
56.90,56.90,54.14,30.31,73.77
60.51,60.51,52.49,31.67,72.95
55.75,55.75,53.22,33.43,71.06
65.93,65.93,57.96,35.11,71.93
71.50,71.50,62.02,40.93,67.30
76.05,76.05,65.44,40.91,64.99
78.18,78.18,61.57,44.56,64.27
81.27,81.27,58.70,38.85,65.78
83.22,83.22,55.11,33.37,64.02
81.31,81.31,55.35,37.19,63.64
80.79,80.79,58.70,35.56,64.17
80.84,80.84,63.83,37.10,68.48
80.34,80.34,64.13,35.71,75.02
80.45,80.45,62.14,40.82,73.03
79.38,79.38,60.43,41.40,73.99
77.04,77.04,60.96,40.08,72.53
76.01,76.01,61.99,38.12,72.66
75.33,75.33,65.76,20.54,73.40
71.33,71.33,79.16,20.37,82.99
73.21,73.21,75.59,17.62,83.16
73.76,73.76,69.17,12.45,83.61
72.13,72.13,61.97,11.10,79.30
72.26,72.26,57.48,4.44,81.49
69.38,69.38,57.63,12.05,78.76
64.81,64.81,60.53,17.92,77.03
64.61,64.61,67.31,22.23,77.50
56.12,56.12,62.64,27.39,73.71
53.91,53.91,59.25,35.87,74.08
52.28,52.28,60.13,35.68,72.25
52.36,52.36,65.49,39.66,71.50
48.92,48.92,68.38,44.17,68.39
48.05,48.05,75.30,37.75,64.01
54.12,54.12,80.47,42.56,64.47
55.63,55.63,82.16,33.89,67.08
53.32,53.32,82.37,41.76,68.10
45.84,45.84,76.57,38.44,64.74
47.53,47.53,70.10,39.33,63.76
46.46,46.46,66.33,32.61,65.84
50.09,50.09,65.90,26.79,71.01
53.80,53.80,61.82,24.57,74.25
52.98,52.98,58.25,19.73,73.70
54.75,54.75,56.33,18.90,77.26
51.97,51.97,59.22,19.95,75.73
52.19,52.19,63.26,20.13,73.68
54.78,54.78,68.88,18.71,75.33
60.98,60.98,80.27,21.51,76.76
62.85,62.85,76.83,20.63,75.13
73.43,73.43,71.94,19.28,74.91
78.55,78.55,65.90,22.55,73.28
74.08,74.08,64.56,17.25,73.28
72.73,72.73,62.80,16.10,75.69
67.37,67.37,61.05,14.33,76.98
75.96,75.96,59.96,8.46,82.16
73.89,73.89,55.79,2.66,82.93
74.18,74.18,54.39,10.81,80.90
74.04,74.04,55.91,18.67,80.03
71.06,71.06,57.14,18.68,79.23
70.76,70.76,57.45,19.93,77.55
55.30,55.30,63.30,23.43,70.53
42.49,42.49,65.13,25.99,62.73
39.98,39.98,65.74,32.09,59.23
41.91,41.91,66.30,30.28,60.05
45.17,45.17,65.64,38.23,61.24
46.48,46.48,64.92,36.18,61.66
49.02,49.02,65.73,37.04,63.06
57.81,57.81,67.92,39.47,68.27
54.40,54.40,65.11,42.34,71.50
50.33,50.33,60.91,39.88,73.16
50.16,50.16,60.67,36.02,74.34
47.53,47.53,61.65,29.51,74.96
47.22,47.22,63.18,28.02,74.43
45.90,45.90,67.37,24.51,77.23
45.69,45.69,75.89,27.41,84.03
45.31,45.31,69.63,28.88,84.42
47.39,47.39,65.07,32.30,81.79
51.94,51.94,62.00,29.46,82.70
55.19,55.19,58.60,21.29,82.44
51.33,51.33,57.55,17.58,80.04
50.86,50.86,58.64,22.38,80.16
43.98,43.98,61.76,21.40,76.88
40.16,40.16,59.11,20.55,79.98
38.58,38.58,59.11,22.21,77.28
42.09,42.09,60.98,20.89,76.19
49.99,49.99,64.75,14.34,76.16
56.84,56.84,69.27,23.41,73.61
61.87,61.87,79.97,27.40,72.29
71.80,71.80,78.52,27.49,74.56
77.01,77.01,82.99,27.18,74.12
79.58,79.58,80.04,26.43,71.70
80.51,80.51,75.47,27.08,71.39
78.67,78.67,70.88,25.36,70.62
78.76,78.76,67.36,14.58,70.93
79.03,79.03,66.59,8.77,79.36
78.61,78.61,64.03,7.40,79.79
78.06,78.06,65.46,1.94,81.55
80.13,80.13,64.85,0.04,79.77
78.45,78.45,63.31,1.56,79.62
77.65,77.65,64.57,2.55,79.50
76.22,76.22,70.69,13.57,80.23
74.42,74.42,71.73,17.58,82.04
72.46,72.46,63.75,16.80,79.86
75.68,75.68,60.61,15.40,80.62
76.52,76.52,56.97,16.92,78.19
79.67,79.67,57.37,18.70,74.87
80.51,80.51,58.70,17.75,75.62
81.31,81.31,61.18,15.80,77.13
81.34,81.34,58.84,14.52,77.98
77.22,77.22,57.50,18.58,76.76
75.24,75.24,58.16,20.79,76.46
75.93,75.93,59.51,28.92,75.81
76.49,76.49,61.98,27.36,74.89
76.15,76.15,64.11,23.15,74.65
76.00,76.00,64.54,17.62,71.86
77.51,77.51,61.67,26.71,71.15
80.25,80.25,60.22,25.27,73.09
80.35,80.35,59.04,23.59,72.55
80.95,80.95,60.46,21.27,72.81
80.23,80.23,61.87,23.39,72.46
79.55,79.55,63.80,22.07,72.21
79.37,79.37,64.74,18.75,73.99
79.60,79.60,69.45,15.74,74.52
79.54,79.54,64.71,17.13,77.14
79.76,79.76,64.20,14.23,78.97
80.56,80.56,62.24,17.71,79.34
80.40,80.40,61.60,14.10,79.03
77.91,77.91,68.48,11.86,80.42
75.48,75.48,71.51,9.32,86.60
72.93,72.93,66.31,6.89,84.21
75.12,75.12,62.17,12.88,85.76
75.67,75.67,60.87,17.23,83.24
69.14,69.14,59.55,10.02,82.15
73.39,73.39,58.49,13.46,83.26
66.33,66.33,60.61,8.29,80.98
66.41,66.41,58.14,9.45,79.21
60.07,60.07,56.08,16.60,78.95
57.09,57.09,57.81,22.08,78.43
59.79,59.79,62.05,23.28,75.87
60.41,60.41,66.46,28.05,73.95
57.90,57.90,71.40,32.53,70.14
51.50,51.50,81.02,28.34,68.62
47.32,47.32,80.15,20.16,65.62
48.61,48.61,83.47,26.46,70.69
42.69,42.69,80.53,26.91,67.47
48.68,48.68,74.45,26.19,64.76
49.28,49.28,70.78,25.39,66.84
44.61,44.61,69.27,25.38,71.12
48.32,48.32,67.74,16.31,72.99
50.11,50.11,63.84,9.92,74.89
47.00,47.00,62.48,8.96,78.27
46.56,46.56,63.07,8.35,78.17
46.36,46.36,64.84,7.56,78.44
50.93,50.93,65.64,6.55,75.90
61.60,61.60,73.26,1.72,77.68
73.33,73.33,77.68,0.44,78.91
81.43,81.43,70.78,0.17,75.57
77.65,77.65,67.48,0.42,76.94
79.65,79.65,66.28,2.79,77.63
71.20,71.20,65.99,0.53,77.35
70.11,70.11,65.60,0.62,77.05
77.78,77.78,66.08,0.07,82.38
80.41,80.41,63.50,-0.00,83.96
80.25,80.25,63.76,-0.00,81.55
79.17,79.17,62.45,-0.00,81.38
75.61,75.61,62.37,-0.00,80.30
76.10,76.10,65.47,0.03,78.84
71.83,71.83,64.40,4.39,74.70
60.47,60.47,66.16,7.55,68.95
56.75,56.75,66.68,11.27,64.88
51.40,51.40,67.01,18.14,64.30
51.88,51.88,65.90,23.36,63.28
51.05,51.05,65.78,22.70,64.49
51.23,51.23,67.38,21.75,65.84
57.55,57.55,70.12,24.16,68.53
56.91,56.91,68.49,16.34,70.70
54.73,54.73,66.44,16.48,71.96
52.42,52.42,65.63,13.47,73.72
45.82,45.82,66.04,11.87,76.27
47.34,47.34,65.89,9.65,76.80
49.05,49.05,67.23,10.78,77.06
51.35,51.35,75.81,10.23,82.65
61.78,61.78,75.01,7.76,86.93
69.72,69.72,69.66,13.14,84.85
75.01,75.01,64.86,19.97,83.90
74.93,74.93,62.18,19.08,83.78
72.82,72.82,61.38,15.24,81.90
70.27,70.27,62.40,9.65,81.35
64.36,64.36,66.05,9.87,81.33
60.49,60.49,64.35,17.54,77.94
58.99,58.99,60.74,18.43,80.23
59.01,59.01,62.27,20.27,79.06
59.53,59.53,65.54,13.56,76.76
64.27,64.27,70.85,3.45,77.20
57.16,57.16,77.49,0.02,73.81
62.29,62.29,87.11,0.12,76.03
76.53,76.53,84.36,0.07,71.31
81.98,81.98,84.29,0.08,68.56
81.78,81.78,82.53,0.08,64.89
83.03,83.03,79.78,4.85,63.38
81.47,81.47,75.20,11.49,62.96
80.50,80.50,73.21,11.34,62.73
79.63,79.63,69.92,11.52,62.25
78.27,78.27,66.12,14.22,63.44
80.69,80.69,64.25,16.08,59.81
80.25,80.25,61.41,13.85,59.18
80.57,80.57,60.74,23.73,56.22
80.47,80.47,60.63,25.87,57.07
80.63,80.63,59.33,24.93,56.97
81.17,81.17,58.16,18.06,55.21
79.62,79.62,59.47,24.41,54.34
80.04,80.04,58.26,26.18,60.52
78.39,78.39,55.93,21.68,61.04
81.53,81.53,55.16,17.98,60.37
81.81,81.81,55.14,18.31,59.72
83.19,83.19,53.97,23.21,59.86
81.51,81.51,52.13,29.55,59.03
79.94,79.94,48.00,23.77,57.98
80.58,80.58,51.95,12.36,58.20
79.54,79.54,60.95,7.25,57.83
76.67,76.67,70.91,1.23,55.95
64.56,64.56,82.90,1.85,54.00
56.09,56.09,93.37,4.94,51.38
61.18,61.18,94.78,7.30,50.44
57.84,57.84,94.30,7.70,41.25
45.06,45.06,93.10,9.68,29.10
33.51,33.51,89.32,8.97,23.56
34.70,34.70,83.50,10.27,34.65
46.44,46.44,79.05,19.93,44.35
52.49,52.49,82.62,20.44,49.07
55.97,55.97,80.72,19.26,47.41
63.57,63.57,76.44,11.51,46.19
67.84,67.84,75.63,18.94,46.83
75.34,75.34,70.19,26.39,46.93
70.54,70.54,67.29,30.73,48.03
53.57,53.57,64.73,29.68,46.95
48.54,48.54,61.36,27.53,45.71
43.09,43.09,57.78,26.08,46.51
41.57,41.57,53.60,23.11,43.63
37.44,37.44,51.40,18.30,38.64
38.73,38.73,48.91,21.41,42.18
50.39,50.39,59.79,34.53,55.85
46.73,46.73,79.70,39.42,62.86
47.63,47.63,81.64,47.83,63.44
58.03,58.03,79.06,45.25,66.31
57.56,57.56,74.75,44.46,67.85
46.50,46.50,78.02,34.83,62.58
35.17,35.17,72.30,24.06,57.29
21.62,21.62,83.66,17.00,64.18
25.32,25.32,92.02,26.14,67.90
20.47,20.47,93.53,31.78,68.61
21.04,21.04,91.35,31.50,73.63
17.89,17.89,91.35,37.93,77.71
21.29,21.29,88.95,44.49,79.66
19.39,19.39,84.37,57.09,78.54
19.29,19.29,84.21,70.47,79.16
17.70,17.70,82.09,81.05,78.05
21.07,21.07,79.67,81.31,78.35
26.32,26.32,79.63,88.15,79.91
28.10,28.10,74.78,87.47,77.23
26.47,26.47,75.65,89.96,75.04
25.21,25.21,75.45,90.45,75.45
29.68,29.68,84.03,85.77,76.88
28.77,28.77,82.19,86.03,72.32
30.72,30.72,78.35,80.42,74.85
22.34,22.34,73.41,73.01,73.99
22.76,22.76,69.07,65.90,75.53
24.93,24.93,65.66,60.84,75.28
23.07,23.07,66.78,64.49,77.01
18.70,18.70,62.37,79.73,87.25
19.24,19.24,57.20,84.54,84.66
22.80,22.80,54.63,81.61,83.10
28.28,28.28,55.84,82.29,82.35
26.14,26.14,65.89,82.82,81.16
17.95,17.95,78.67,83.08,78.38
15.10,15.10,83.87,64.99,68.04
12.56,12.56,93.15,67.37,56.12
9.77,9.77,93.56,46.31,50.77
3.11,3.11,94.84,44.35,45.48
0.28,0.28,91.64,35.66,37.35
3.32,3.32,87.33,43.86,44.28
6.83,6.83,78.13,55.02,47.99
17.18,17.18,73.37,57.80,48.58
16.22,16.22,76.02,59.60,41.84
16.11,16.11,72.80,61.18,35.84
8.21,8.21,68.66,59.70,32.67
3.16,3.16,55.17,45.16,34.14
5.66,5.66,50.00,48.01,45.37
22.55,22.55,61.63,60.60,62.54
25.37,25.37,80.83,85.40,84.85
18.80,18.80,77.72,88.77,82.54
13.77,13.77,73.96,90.58,82.35
5.15,5.15,69.20,91.00,82.26
6.73,6.73,65.13,90.14,80.87
5.32,5.32,60.86,91.91,79.83
10.27,10.27,65.96,90.80,79.23
11.13,11.13,64.55,89.98,78.81
11.51,11.51,57.90,92.48,75.18
13.84,13.84,51.14,89.95,73.22
12.55,12.55,54.40,92.03,68.69
6.97,6.97,63.02,91.46,65.48
5.40,5.40,73.47,88.92,62.60
20.72,20.72,89.49,77.03,68.76
22.50,22.50,92.15,65.30,71.73
22.72,22.72,92.86,62.45,72.39
15.00,15.00,92.35,47.68,74.49
18.93,18.93,89.24,39.74,76.70
16.58,16.58,86.72,52.89,79.00
20.41,20.41,79.50,64.76,77.58
23.28,23.28,70.75,74.75,79.83
21.85,21.85,67.85,77.04,81.06
16.47,16.47,62.56,82.14,82.78
16.69,16.69,59.75,85.20,82.95
18.83,18.83,59.26,81.12,81.77
20.15,20.15,64.42,85.12,79.24
25.24,25.24,74.10,81.72,76.76
26.36,26.36,83.38,82.62,76.00
28.98,28.98,80.95,83.50,73.91
19.73,19.73,77.13,82.70,74.21
19.81,19.81,74.33,85.77,72.61
19.86,19.86,71.06,82.91,71.73
21.04,21.04,69.63,82.45,71.70
22.06,22.06,72.86,83.60,67.41
18.94,18.94,70.19,83.79,64.19
23.64,23.64,64.30,79.47,61.66
24.87,24.87,62.09,72.95,61.11
24.54,24.54,62.58,62.52,61.11
20.92,20.92,62.28,52.62,56.24
11.22,11.22,61.65,41.69,50.19
16.60,16.60,91.52,42.18,48.15
15.41,15.41,93.68,27.80,44.97
10.47,10.47,93.98,20.92,46.93
6.77,6.77,92.64,16.39,43.58
12.90,12.90,90.72,9.09,49.68
16.15,16.15,85.41,9.74,59.19
22.08,22.08,80.34,9.12,67.45
29.82,29.82,70.89,6.28,76.59
36.04,36.04,63.36,8.67,75.98
38.39,38.39,58.56,13.82,76.83
37.65,37.65,57.66,28.21,73.99
33.47,33.47,62.53,39.13,79.17
25.00,25.00,62.88,52.63,78.53
26.16,26.16,74.75,70.94,77.40
26.63,26.63,81.05,86.07,85.94
21.07,21.07,77.05,90.72,83.98
17.13,17.13,73.66,89.17,83.60
17.42,17.42,67.73,89.85,82.22
16.86,16.86,62.54,91.86,81.24
13.52,13.52,62.60,89.54,80.73
12.63,12.63,69.23,90.38,75.69
15.81,15.81,65.80,89.39,68.53
16.55,16.55,59.60,83.36,68.97
25.84,25.84,58.99,78.19,73.95
27.20,27.20,63.44,63.38,69.93
19.15,19.15,64.79,54.71,57.87
10.03,10.03,66.41,43.86,54.32
25.60,25.60,91.79,43.71,65.26
18.23,18.23,93.44,33.29,67.36
22.05,22.05,91.86,27.00,72.20
16.30,16.30,91.76,34.82,74.89
13.86,13.86,89.08,42.53,77.47
13.72,13.72,85.29,55.15,78.65
13.09,13.09,80.20,70.58,77.28
22.20,22.20,77.60,78.24,78.75
20.41,20.41,69.98,86.42,74.38
16.55,16.55,63.18,87.32,77.55
16.59,16.59,62.36,91.31,73.17
13.23,13.23,62.54,89.60,74.23
14.44,14.44,66.29,90.09,70.68
26.64,26.64,78.68,90.01,70.08
22.37,22.37,82.63,85.67,70.47
24.85,24.85,80.56,84.61,70.99
23.83,23.83,77.54,77.75,74.22
14.80,14.80,73.59,64.73,74.04
12.80,12.80,68.48,62.34,74.03
16.34,16.34,68.00,59.82,71.37
18.57,18.57,70.78,78.13,84.01
8.39,8.39,65.03,91.04,85.40
8.94,8.94,58.93,88.72,84.50
16.18,16.18,57.76,89.30,83.43
19.30,19.30,61.20,89.79,82.78
15.08,15.08,72.28,87.30,78.97
9.47,9.47,77.46,84.23,74.66
10.82,10.82,92.06,67.71,59.32
10.10,10.10,94.68,64.37,50.62
6.89,6.89,93.85,51.80,46.42
1.68,1.68,93.06,43.68,39.93
2.11,2.11,88.53,46.94,40.15
11.68,11.68,83.05,48.64,46.41
18.80,18.80,74.83,59.04,50.12
19.35,19.35,80.68,65.42,40.26
21.18,21.18,78.90,66.19,34.89
14.50,14.50,74.48,66.56,29.03
6.77,6.77,67.07,61.10,26.78
4.40,4.40,55.38,56.66,42.03
9.90,9.90,53.74,54.67,54.72
28.69,28.69,77.49,73.75,80.18
19.31,19.31,81.25,78.57,84.86
15.17,15.17,78.06,81.16,84.99
16.33,16.33,72.34,80.80,83.92
13.53,13.53,68.78,80.81,82.84
10.23,10.23,65.23,81.70,81.38
8.19,8.19,65.03,82.07,80.47
15.96,15.96,70.48,79.85,78.99
7.86,7.86,62.07,81.10,77.53
10.22,10.22,54.51,80.10,76.66
11.93,11.93,50.64,81.61,72.12
7.37,7.37,61.75,83.64,68.45
2.21,2.21,66.14,79.16,61.14
9.00,9.00,79.78,74.95,58.66
23.22,23.22,91.83,63.83,57.59
19.62,19.62,93.36,63.27,54.75
23.64,23.64,92.79,50.07,50.86
9.41,9.41,90.33,29.08,51.06
16.02,16.02,88.99,26.05,51.74
14.24,14.24,83.76,23.82,51.46
20.12,20.12,74.19,23.52,57.77
27.62,27.62,70.82,23.66,64.81
39.03,39.03,66.33,23.65,70.45
35.67,35.67,63.91,21.93,66.00
19.72,19.72,53.84,10.18,47.99
10.34,10.34,45.78,22.15,45.03
6.97,6.97,41.96,33.80,46.22
12.44,12.44,61.78,42.24,85.13
11.19,11.19,61.28,43.41,86.24
13.82,13.82,57.68,38.46,85.13
14.24,14.24,51.90,31.13,85.16
14.19,14.19,45.78,19.68,84.88
14.93,14.93,40.62,14.11,82.19
19.95,19.95,39.33,13.62,81.60
28.90,28.90,49.98,15.09,80.58
30.06,30.06,54.27,18.13,80.92
33.45,33.45,54.47,16.06,75.60
22.75,22.75,50.82,9.89,75.05
12.10,12.10,57.59,3.75,69.52
6.63,6.63,61.81,0.00,61.99
11.09,11.09,77.38,2.30,53.45
13.50,13.50,92.40,10.62,50.99
11.14,11.14,94.91,14.52,48.32
7.72,7.72,93.28,12.48,48.53
7.55,7.55,92.39,10.60,41.49
15.37,15.37,88.18,10.56,56.05
18.76,18.76,81.94,13.50,60.16
23.25,23.25,76.95,12.18,68.57
23.03,23.03,68.04,13.17,73.90
26.39,26.39,62.46,15.23,73.23
35.61,35.61,62.67,21.82,76.67
33.93,33.93,62.67,36.97,75.65
22.99,22.99,71.77,49.90,78.03
19.23,19.23,72.00,59.06,74.29
29.28,29.28,90.79,78.54,73.30
27.95,27.95,90.07,83.70,75.90
38.11,38.11,90.83,81.41,75.73
33.71,33.71,90.34,84.39,75.87
20.21,20.21,87.17,84.13,75.78
15.17,15.17,84.78,91.46,72.87
16.85,16.85,76.79,87.26,75.54
19.35,19.35,73.51,88.27,71.12
20.56,20.56,66.11,88.20,73.65
18.24,18.24,58.41,85.20,69.97
17.15,17.15,55.69,80.54,61.24
13.61,13.61,58.77,69.70,59.28
8.66,8.66,64.22,62.57,56.74
19.07,19.07,82.07,58.50,64.31
20.61,20.61,92.00,40.96,67.97
19.74,19.74,92.81,52.09,68.31
21.68,21.68,91.92,47.66,71.62
16.28,16.28,90.85,47.23,74.53
14.74,14.74,87.81,60.37,77.55
11.46,11.46,79.02,69.36,77.51
12.42,12.42,74.88,81.89,77.91
14.05,14.05,69.23,82.86,76.86
15.14,15.14,66.37,86.53,74.54
16.98,16.98,61.53,85.88,74.36
13.80,13.80,60.60,85.47,74.77
10.42,10.42,61.24,93.43,72.95
17.19,17.19,67.74,84.63,67.84
26.20,26.20,83.44,85.55,70.76
28.76,28.76,82.25,87.21,71.19
37.46,37.46,80.30,84.79,73.45
37.77,37.77,74.41,80.73,66.69
28.66,28.66,69.99,69.81,62.81
20.14,20.14,67.02,61.24,62.28
16.68,16.68,70.15,70.04,71.46
9.19,9.19,71.62,86.39,82.89
14.05,14.05,66.62,85.36,81.91
16.68,16.68,63.28,86.27,77.41
18.07,18.07,64.08,92.60,74.82
15.46,15.46,68.57,83.22,74.32
9.86,9.86,76.39,83.89,70.19
10.69,10.69,88.06,68.15,64.80
13.77,13.77,92.16,68.86,55.61
19.12,19.12,94.12,47.86,51.64
23.38,23.38,94.24,44.22,47.51
10.70,10.70,89.89,49.03,38.75
8.43,8.43,86.60,49.01,39.44
18.55,18.55,83.84,63.10,41.45
23.50,23.50,80.67,72.32,39.79
24.47,24.47,76.77,74.64,33.29
23.37,23.37,74.65,79.04,27.62
12.29,12.29,64.90,80.97,24.52
3.39,3.39,43.43,70.95,33.77
3.10,3.10,46.57,61.48,47.78
23.37,23.37,68.04,63.71,65.63
23.63,23.63,82.60,82.66,80.63
17.15,17.15,80.19,85.78,80.05
14.92,14.92,75.54,86.68,82.40
19.90,19.90,70.93,85.80,80.87
16.99,16.99,68.76,89.75,77.51
18.57,18.57,68.53,85.13,77.89
20.24,20.24,70.34,87.70,79.29
18.76,18.76,66.92,86.50,71.87
17.29,17.29,60.56,83.77,69.45
17.05,17.05,55.03,89.41,67.56
11.74,11.74,57.42,83.28,64.55
5.55,5.55,69.30,87.91,62.31
3.61,3.61,75.18,85.53,57.88
21.03,21.03,90.62,69.18,66.07
22.28,22.28,92.13,68.15,66.83
20.92,20.92,92.80,58.02,72.42
11.70,11.70,91.87,42.88,74.35
9.98,9.98,89.67,41.07,75.48
11.12,11.12,85.58,56.49,75.55
12.43,12.43,78.66,63.83,74.89
13.05,13.05,72.18,76.51,79.45
20.22,20.22,69.21,84.13,78.10
23.91,23.91,65.64,85.43,78.96
24.87,24.87,64.24,91.22,77.63
27.11,27.11,64.97,87.22,76.81
26.01,26.01,66.95,88.84,74.46
21.92,21.92,74.60,87.77,77.87
25.43,25.43,82.77,84.68,72.90
19.67,19.67,78.94,91.23,71.79
15.67,15.67,77.16,85.75,75.45
12.75,12.75,72.51,87.33,74.03
15.21,15.21,70.31,88.95,72.64
20.97,20.97,69.33,86.30,70.42
23.40,23.40,72.06,92.63,70.14
19.51,19.51,70.02,86.59,69.53
25.11,25.11,65.11,85.61,66.53
28.58,28.58,61.18,79.26,63.04
26.19,26.19,62.49,72.41,63.80
14.98,14.98,63.82,61.71,60.63
8.48,8.48,65.61,56.09,47.62
15.58,15.58,92.32,50.77,48.71
18.44,18.44,93.83,42.02,47.47
11.69,11.69,93.57,22.11,46.79
6.76,6.76,93.64,22.57,40.56
9.96,9.96,90.39,16.47,50.50
12.60,12.60,84.78,14.21,58.11
15.81,15.81,78.97,16.06,62.96
17.64,17.64,71.99,13.89,74.76
17.23,17.23,65.02,17.38,70.69
24.26,24.26,61.80,18.81,75.30
25.09,25.09,62.26,33.18,73.16
18.33,18.33,62.98,47.76,75.44
14.92,14.92,66.84,59.69,75.90
26.13,26.13,77.07,72.47,77.99
20.12,20.12,80.44,86.01,81.53
24.45,24.45,78.24,88.39,80.42
14.60,14.60,73.10,92.20,81.01
15.16,15.16,68.98,89.84,78.05
9.57,9.57,66.33,87.83,80.16
7.13,7.13,64.22,91.87,76.38
15.31,15.31,69.92,91.90,69.70
16.71,16.71,67.93,88.04,69.28
14.01,14.01,59.70,85.99,71.05
15.95,15.95,56.51,82.88,66.21
17.53,17.53,57.17,72.55,61.95
8.15,8.15,62.77,61.45,55.18
8.64,8.64,72.19,45.38,62.15
25.39,25.39,92.33,47.51,67.37
17.60,17.60,93.36,43.31,72.35
23.10,23.10,92.04,38.93,72.75
11.93,11.93,92.07,44.50,73.91
14.55,14.55,88.23,50.68,75.41
13.48,13.48,84.50,68.87,76.85
12.81,12.81,77.33,76.52,77.67
17.34,17.34,75.06,85.68,77.42
21.68,21.68,68.75,87.24,78.46
22.95,22.95,66.12,89.24,77.19
21.70,21.70,65.09,89.72,74.98
24.31,24.31,64.96,89.09,74.90
23.86,23.86,67.54,92.16,71.41
33.95,33.95,80.34,87.55,68.29
28.37,28.37,84.01,87.26,68.39
30.08,30.08,80.21,87.41,71.07
26.06,26.06,77.99,79.91,74.06
24.76,24.76,73.33,72.86,75.22
17.56,17.56,69.41,65.27,74.24
14.72,14.72,69.16,59.83,71.67
19.53,19.53,74.37,83.07,84.60
11.09,11.09,68.18,90.75,81.16
11.39,11.39,64.95,90.25,79.52
17.93,17.93,62.76,90.67,79.64
21.03,21.03,66.37,91.70,77.20
17.24,17.24,70.40,91.36,75.07
11.60,11.60,79.80,82.65,71.02
12.48,12.48,91.84,66.94,63.67
8.75,8.75,94.75,53.56,58.05
4.54,4.54,93.94,48.46,51.28
0.76,0.76,91.51,50.76,49.40
2.99,2.99,88.50,64.75,41.57
9.97,9.97,82.37,67.39,43.29
17.78,17.78,78.73,73.04,45.67
19.97,19.97,75.48,79.39,42.36
21.03,21.03,74.64,82.91,36.47
13.06,13.06,64.91,81.84,31.11
3.14,3.14,57.93,72.67,29.97
1.01,1.01,46.11,65.30,43.79
10.16,10.16,55.34,56.55,54.84
30.17,30.17,81.41,76.96,78.79
30.99,30.99,80.45,88.75,81.77
22.03,22.03,77.55,89.96,81.00
15.53,15.53,71.95,91.77,79.78
15.05,15.05,67.47,89.92,77.10
18.67,18.67,65.35,89.09,78.16
20.57,20.57,65.74,92.50,76.20
25.81,25.81,68.60,89.32,73.35
32.09,32.09,62.68,90.18,73.95
33.29,33.29,55.91,92.73,71.32
30.93,30.93,51.36,90.22,68.78
37.64,37.64,50.36,89.64,69.41
53.38,53.38,53.81,92.78,63.06
53.70,53.70,76.34,76.45,67.70
64.04,64.04,87.15,58.27,71.66
75.34,75.34,84.97,49.87,74.65
80.16,80.16,84.34,56.69,74.97
81.76,81.76,81.68,57.35,75.05
80.20,80.20,79.45,39.37,72.63
82.25,82.25,73.91,36.83,71.98
79.25,79.25,70.48,34.71,71.10
77.07,77.07,67.38,31.95,69.88
77.79,77.79,62.37,33.77,71.29
78.89,78.89,62.85,30.74,71.54
79.65,79.65,61.70,31.85,69.87
79.34,79.34,63.70,24.42,69.12
78.01,78.01,67.47,20.20,67.42
75.13,75.13,73.17,22.83,61.77
74.87,74.87,73.88,12.31,63.92
74.93,74.93,74.22,18.10,62.47
71.92,71.92,72.42,22.16,58.03
71.08,71.08,73.45,23.22,53.22
73.10,73.10,71.75,24.39,50.15
74.15,74.15,70.97,28.57,49.83
73.55,73.55,72.81,24.54,46.75
70.30,70.30,72.11,17.60,42.73
66.35,66.35,70.82,18.39,44.03
65.45,65.45,71.95,14.31,43.45
69.03,69.03,71.33,6.03,40.39
64.02,64.02,71.08,1.36,38.63
55.51,55.51,81.01,-0.00,38.63
52.19,52.19,92.70,1.02,39.63
50.82,50.82,94.81,6.77,40.67
51.77,51.77,93.18,4.04,39.90
46.70,46.70,92.19,2.92,48.80
51.44,51.44,87.75,4.93,58.68
56.87,56.87,81.47,11.45,61.50
70.01,70.01,74.71,26.69,65.62
74.72,74.72,65.36,22.04,68.62
73.69,73.69,59.90,21.66,64.33
75.86,75.86,59.30,25.73,65.38
71.07,71.07,58.69,33.14,60.78
75.94,75.94,61.12,48.20,65.54
71.24,71.24,67.15,61.43,69.56
66.87,66.87,82.60,82.09,84.81
68.95,68.95,78.34,85.05,84.51
65.28,65.28,74.28,90.11,83.21
69.09,69.09,70.87,87.57,83.97
74.64,74.64,70.68,88.58,82.06
71.79,71.79,70.43,87.29,81.61
63.60,63.60,74.22,88.41,81.38
64.72,64.72,75.49,89.06,71.32
68.74,68.74,73.07,82.74,70.30
65.88,65.88,73.17,78.73,69.14
57.39,57.39,72.99,67.02,67.25
58.48,58.48,74.41,56.37,65.01
56.10,56.10,73.60,47.29,60.59
51.05,51.05,86.17,42.15,65.08
46.58,46.58,92.42,28.61,69.61
51.60,51.60,92.45,28.32,71.83
52.72,52.72,93.07,35.09,73.22
45.23,45.23,90.05,38.90,75.97
46.66,46.66,87.61,54.64,77.78
45.89,45.89,81.57,70.17,76.51
47.20,47.20,76.65,76.82,77.83
47.73,47.73,70.19,83.81,75.55
49.59,49.59,64.47,86.72,76.80
51.02,51.02,62.04,90.33,74.39
47.39,47.39,62.47,88.89,73.45
42.88,42.88,64.83,88.85,71.27
40.92,40.92,72.00,90.31,70.50
39.38,39.38,82.58,86.33,71.64
39.56,39.56,78.57,83.95,69.00
41.17,41.17,73.82,80.22,72.65
45.18,45.18,70.17,70.23,71.94
50.42,50.42,67.72,62.47,74.56
47.37,47.37,65.73,64.01,69.73
49.32,49.32,71.38,73.30,77.04
49.58,49.58,70.40,85.76,87.30
45.07,45.07,63.89,89.13,84.09
42.16,42.16,62.64,88.67,83.95
40.33,40.33,62.55,90.39,82.77
39.55,39.55,68.72,89.39,81.26
32.14,32.14,74.88,87.42,76.88
30.19,30.19,87.71,71.91,62.36
27.55,27.55,92.86,65.95,53.62
27.33,27.33,94.30,43.33,48.39
23.04,23.04,92.90,50.22,43.20
16.75,16.75,90.50,39.03,39.71
19.37,19.37,85.47,38.34,46.84
26.62,26.62,78.84,47.43,50.14
32.11,32.11,78.04,57.18,43.30
32.51,32.51,83.38,58.35,37.92
26.45,26.45,78.35,55.94,34.76
19.10,19.10,73.00,54.36,28.29
12.86,12.86,59.92,52.27,38.04
18.78,18.78,54.57,54.86,50.22
23.28,23.28,67.71,63.10,67.77
31.04,31.04,80.59,83.78,84.95
32.62,32.62,75.35,87.80,83.26
29.38,29.38,69.67,88.56,82.87
27.50,27.50,67.61,88.38,80.77
28.89,28.89,66.60,89.08,80.55
23.22,23.22,65.27,88.81,79.52
23.06,23.06,71.71,87.95,79.14
19.17,19.17,69.21,88.31,77.87
14.72,14.72,64.82,90.83,74.86
9.82,9.82,66.57,88.40,71.43
6.52,6.52,66.34,87.97,68.06
5.38,5.38,68.25,89.20,64.61
7.31,7.31,73.33,84.35,61.55
24.52,24.52,92.19,65.60,68.60
31.34,31.34,92.71,64.30,65.28
33.36,33.36,92.11,53.56,72.10
29.78,29.78,91.02,46.80,75.39
21.33,21.33,89.90,46.46,78.78
19.56,19.56,84.97,59.98,78.27
14.95,14.95,76.77,67.65,78.54
21.70,21.70,71.74,77.36,81.74
25.55,25.55,67.20,86.54,81.05
27.87,27.87,62.32,90.71,81.95
28.63,28.63,61.72,88.68,82.65
24.35,24.35,62.64,89.18,82.30
19.26,19.26,65.06,90.27,80.33
22.27,22.27,75.72,86.70,77.89
24.99,24.99,81.18,89.11,74.39
22.44,22.44,76.46,88.33,75.17
22.01,22.01,71.76,88.43,74.53
27.08,27.08,68.13,89.96,73.20
29.06,29.06,65.91,87.52,73.21
27.26,27.26,65.28,88.70,71.94
22.73,22.73,71.58,90.03,67.92
14.03,14.03,69.32,85.56,64.76
12.50,12.50,63.38,82.43,63.34
11.70,11.70,63.10,77.18,61.41
19.75,19.75,62.04,66.74,60.22
27.44,27.44,64.22,57.17,57.34
23.15,23.15,62.56,44.26,53.56
20.49,20.49,92.82,37.28,53.70
25.58,25.58,93.54,27.95,53.89
29.82,29.82,93.79,9.29,53.64
21.90,21.90,93.68,15.76,52.89
20.08,20.08,90.03,12.34,52.71
31.65,31.65,84.48,5.11,61.02
44.04,44.04,78.37,12.05,70.56
51.50,51.50,73.83,10.11,75.32
56.39,56.39,70.36,6.53,73.09
52.46,52.46,66.34,15.79,72.30
50.59,50.59,65.36,28.82,81.29
40.70,40.70,62.99,39.83,75.06
34.38,34.38,65.84,53.57,77.53
31.29,31.29,77.26,72.14,81.73
29.32,29.32,79.88,86.27,84.78
29.41,29.41,73.80,88.27,84.29
28.75,28.75,69.31,88.35,84.57
26.20,26.20,65.42,88.06,83.68
25.61,25.61,63.48,90.14,81.94
22.71,22.71,65.95,88.77,81.74
23.57,23.57,75.71,88.40,75.43
20.04,20.04,71.70,85.94,70.15
17.29,17.29,68.34,80.68,66.03
20.24,20.24,63.68,76.63,61.22
20.07,20.07,66.00,63.46,62.66
13.02,13.02,72.11,53.75,61.14
12.57,12.57,76.88,46.66,64.05
22.85,22.85,92.10,48.12,68.47
24.00,24.00,93.72,42.53,71.48
29.82,29.82,92.15,41.85,73.54
24.41,24.41,91.49,42.43,75.93
17.19,17.19,88.74,48.61,77.38
16.51,16.51,84.66,68.59,79.46
17.36,17.36,77.63,73.78,78.20
17.51,17.51,75.34,83.56,76.86
19.33,19.33,70.79,86.72,76.65
22.17,22.17,65.88,88.50,75.96
23.05,23.05,64.31,89.94,74.71
21.99,21.99,66.31,88.37,74.58
17.87,17.87,67.84,89.07,72.71
27.84,27.84,81.84,88.68,69.92
18.59,18.59,81.28,85.02,70.82
21.10,21.10,76.97,82.76,71.15
26.26,26.26,71.44,76.57,73.59
28.70,28.70,68.37,68.49,73.36
25.99,25.99,66.47,60.54,72.53
25.30,25.30,67.25,60.80,71.32
25.43,25.43,71.94,82.44,84.42
24.34,24.34,67.08,84.76,85.38
27.52,27.52,62.37,88.41,83.93
26.54,26.54,60.76,87.11,83.85
23.20,23.20,64.09,83.26,80.93
16.68,16.68,74.06,84.92,76.81
12.45,12.45,81.98,77.72,69.83
13.00,13.00,92.59,70.57,59.39
12.78,12.78,93.94,59.38,52.90
16.10,16.10,94.16,53.60,51.57
11.86,11.86,91.27,45.05,48.97
6.75,6.75,88.54,48.51,42.56
13.67,13.67,82.38,52.84,47.64
24.54,24.54,75.14,60.37,50.35
24.44,24.44,77.77,67.65,44.60
22.41,22.41,76.87,65.80,44.40
19.17,19.17,71.50,62.39,42.13
9.03,9.03,60.75,55.38,38.34
6.44,6.44,52.70,54.95,41.54
15.58,15.58,53.41,53.78,54.87
32.76,32.76,80.22,80.96,83.23
39.16,39.16,78.22,86.22,84.00
36.87,36.87,71.21,91.00,81.26
32.94,32.94,66.62,89.26,82.58
28.42,28.42,62.41,92.16,81.15
26.74,26.74,59.28,90.43,80.14
27.25,27.25,63.00,90.57,79.13
29.67,29.67,72.28,92.73,76.50
25.86,25.86,69.74,90.02,76.15
23.18,23.18,63.77,92.17,74.47
21.62,21.62,58.97,90.83,71.60
31.40,31.40,59.85,90.96,67.19
32.15,32.15,69.85,92.30,63.12
51.57,51.57,83.40,80.30,63.65
55.48,55.48,91.21,66.98,65.24
66.76,66.76,93.38,64.59,66.71
76.49,76.49,91.62,57.57,70.55
77.57,77.57,91.14,41.83,73.92
75.39,75.39,87.32,52.91,74.99
76.23,76.23,80.10,63.21,75.40
78.08,78.08,75.67,76.14,76.73
77.45,77.45,72.85,84.43,82.04
77.19,77.19,70.64,86.49,82.74
76.54,76.54,68.06,90.07,82.32
77.42,77.42,66.87,86.71,81.32
77.34,77.34,70.47,89.34,81.05
75.76,75.76,70.86,88.57,79.50
76.38,76.38,82.66,86.71,77.10
77.28,77.28,78.67,89.92,76.50
75.79,75.79,74.42,88.05,74.81
76.09,76.09,70.23,87.81,69.89
71.23,71.23,66.12,89.47,76.01
77.57,77.57,65.93,87.37,75.58
74.50,74.50,69.87,89.11,75.78
73.31,73.31,73.88,88.76,77.16
70.05,70.05,68.47,83.06,75.17
69.52,69.52,65.75,80.09,75.24
70.88,70.88,62.26,69.18,74.31
69.28,69.28,66.73,62.08,72.00
64.80,64.80,73.23,49.81,68.78
53.15,53.15,86.13,45.08,71.19
50.03,50.03,93.24,38.26,68.30
58.45,58.45,92.72,31.23,69.48
59.39,59.39,92.87,28.98,72.76
64.56,64.56,90.41,29.81,76.82
66.99,66.99,87.20,27.23,79.29
67.22,67.22,77.36,19.14,80.56
68.71,68.71,73.67,22.63,80.75
77.69,77.69,78.51,35.96,79.73
73.54,73.54,76.38,47.61,80.16
75.03,75.03,76.34,55.88,78.90
75.36,75.36,71.51,63.40,79.23
72.51,72.51,70.50,70.98,77.70
78.34,78.34,72.48,71.82,78.85
73.93,73.93,82.54,81.87,80.70
64.36,64.36,77.81,85.72,79.64
70.97,70.97,73.18,87.92,80.21
72.27,72.27,68.89,86.52,78.31
75.14,75.14,66.72,82.99,79.79
78.71,78.71,65.37,81.14,74.46
73.67,73.67,68.29,87.05,77.54
62.19,62.19,69.48,86.04,76.37
70.05,70.05,64.31,80.53,75.74
74.16,74.16,62.37,80.94,76.03
71.44,71.44,61.54,79.56,75.58
66.90,66.90,64.43,77.08,75.19
59.59,59.59,66.41,68.52,74.86
56.04,56.04,85.56,65.21,71.78
56.15,56.15,85.40,64.51,72.83
57.38,57.38,85.78,59.81,77.31
56.66,56.66,82.63,63.20,79.47
57.32,57.32,81.31,68.75,80.09
53.90,53.90,76.71,68.18,78.15
53.77,53.77,74.42,68.96,76.24
49.26,49.26,73.27,76.77,77.54
52.43,52.43,70.52,85.34,77.48
52.35,52.35,67.25,83.75,76.00
50.93,50.93,63.20,90.15,76.02
46.98,46.98,63.64,87.05,74.99
44.79,44.79,67.66,87.16,73.01
44.84,44.84,73.10,88.06,73.75
43.11,43.11,83.71,84.46,72.03
47.17,47.17,77.84,86.19,72.46
53.90,53.90,73.04,78.37,73.35
57.22,57.22,69.45,77.11,73.84
60.24,60.24,66.57,74.56,75.61
58.28,58.28,66.04,72.90,72.12
58.74,58.74,70.29,80.53,77.85
62.40,62.40,70.02,84.29,82.46
60.45,60.45,63.95,90.76,79.43
54.17,54.17,59.37,87.03,77.14
51.44,51.44,57.24,88.29,76.98
51.85,51.85,57.63,90.31,73.85
50.35,50.35,59.45,85.19,72.47
44.23,44.23,67.41,65.97,70.61
48.07,48.07,64.39,65.88,78.66
47.12,47.12,62.73,65.92,80.72
47.91,47.91,62.12,58.76,82.39
48.87,48.87,62.27,60.51,81.82
50.34,50.34,63.15,72.10,82.35
46.29,46.29,65.64,76.65,81.49
49.95,49.95,71.69,80.78,81.55
50.07,50.07,67.46,82.53,82.14
48.92,48.92,63.84,84.01,82.57
45.53,45.53,62.65,81.59,81.99
39.79,39.79,63.72,65.47,81.43
36.83,36.83,65.71,66.21,80.96
33.82,33.82,75.06,71.94,80.50
37.55,37.55,80.29,85.91,81.04
34.39,34.39,75.24,83.76,83.79
28.83,28.83,69.96,87.73,80.94
31.94,31.94,65.46,85.19,80.18
33.40,33.40,62.91,83.72,76.11
27.82,27.82,61.42,85.95,79.44
27.64,27.64,69.18,83.60,81.18
30.93,30.93,65.93,86.45,76.85
45.48,45.48,59.93,84.40,75.01
45.35,45.35,57.72,81.10,75.64
37.28,37.28,59.21,83.25,78.26
26.35,26.35,61.58,82.76,78.25
26.84,26.84,67.06,82.52,74.79
36.02,36.02,87.47,70.92,74.67
38.68,38.68,84.85,62.89,77.58
44.11,44.11,84.53,62.25,76.93
44.09,44.09,82.02,69.33,79.06
45.41,45.41,79.23,60.87,78.19
45.86,45.86,74.83,59.57,77.89
37.20,37.20,74.19,64.37,77.77
35.15,35.15,72.07,82.42,75.26
32.62,32.62,69.53,82.82,79.74
31.06,31.06,66.94,85.89,82.13
30.52,30.52,63.29,84.59,79.47
26.55,26.55,64.49,88.01,77.82
22.69,22.69,66.55,85.00,77.57
22.31,22.31,77.18,83.12,75.59
27.53,27.53,81.02,85.52,76.06
30.42,30.42,74.78,82.79,74.97
28.55,28.55,70.44,84.72,74.50
33.69,33.69,66.56,85.53,74.35
28.40,28.40,66.58,84.54,72.56
24.40,24.40,67.00,86.99,70.31
25.50,25.50,73.25,83.05,69.03
32.41,32.41,68.70,83.71,70.07
38.27,38.27,63.34,76.99,65.81
34.98,34.98,62.45,76.58,67.63
31.42,31.42,61.80,68.79,69.64
33.05,33.05,60.88,65.31,68.80
37.74,37.74,61.13,61.41,66.78
36.20,36.20,68.10,59.40,72.42
31.62,31.62,63.87,58.77,78.21
24.04,24.04,63.17,59.48,78.90
28.62,28.62,62.93,58.35,75.69
30.48,30.48,64.71,48.43,76.01
33.76,33.76,66.03,50.79,76.35
34.59,34.59,69.65,53.71,77.32
33.88,33.88,70.21,60.08,78.52
29.20,29.20,67.90,58.51,79.26
32.26,32.26,66.56,55.28,81.21
39.07,39.07,68.48,62.84,82.18
46.07,46.07,69.01,60.73,79.50
45.19,45.19,68.96,61.03,81.05
40.68,40.68,79.60,77.52,80.22
35.39,35.39,79.66,83.09,85.26
26.90,26.90,74.27,83.46,83.00
23.84,23.84,68.93,87.71,80.75
15.45,15.45,67.11,85.87,81.90
14.20,14.20,65.01,83.60,79.08
12.86,12.86,66.16,89.36,79.05
17.25,17.25,70.33,84.10,76.76
15.42,15.42,66.34,83.72,75.31
20.14,20.14,63.78,83.85,75.59
19.35,19.35,65.00,77.52,74.45
15.49,15.49,65.15,63.89,74.78
20.70,20.70,68.12,47.41,74.82
23.04,23.04,76.81,54.88,76.96
25.55,25.55,88.11,59.34,77.14
27.61,27.61,85.59,57.32,77.52
30.29,30.29,84.53,47.83,78.17
35.81,35.81,81.87,57.35,78.32
30.04,30.04,78.82,64.58,78.64
20.80,20.80,74.71,68.20,78.10
15.76,15.76,75.92,82.72,77.72
10.35,10.35,74.64,82.71,77.96
18.08,18.08,75.08,84.55,76.53
20.79,20.79,73.28,90.59,76.44
11.25,11.25,68.13,83.56,74.87
6.61,6.61,66.97,88.43,74.42
11.33,11.33,66.53,88.85,74.78
20.80,20.80,79.32,86.19,75.44
16.51,16.51,78.70,90.16,75.25
20.30,20.30,72.64,83.08,76.55
15.20,15.20,70.22,81.43,76.13
17.54,17.54,67.95,73.37,76.87
10.70,10.70,67.10,58.39,76.31
18.47,18.47,69.82,64.97,77.67
21.66,21.66,74.52,87.31,83.71
15.62,15.62,68.05,87.17,81.00
14.65,14.65,64.24,90.30,79.92
13.73,13.73,63.21,91.22,77.75
14.03,14.03,63.89,86.85,76.55
11.97,11.97,65.44,87.36,74.58
13.17,13.17,68.96,80.89,73.43
16.11,16.11,68.76,56.93,70.40
18.56,18.56,68.68,61.54,73.86
14.67,14.67,67.09,57.10,74.01
14.04,14.04,67.49,54.56,73.18
19.71,19.71,67.89,70.37,74.29
22.62,22.62,67.89,71.14,73.01
21.50,21.50,71.94,75.24,72.87
21.73,21.73,68.76,87.71,72.27
18.16,18.16,68.87,83.42,73.64
14.35,14.35,68.12,79.80,74.27
14.62,14.62,68.46,71.13,74.22
11.35,11.35,69.45,64.19,73.27
16.23,16.23,71.83,62.59,72.68
21.22,21.22,84.75,79.01,83.26
20.34,20.34,81.14,87.00,80.88
20.70,20.70,82.34,84.16,79.67
13.89,13.89,78.61,85.75,79.87
16.16,16.16,73.00,88.99,79.02
8.22,8.22,68.56,84.98,79.92
12.52,12.52,69.55,86.26,77.09
17.85,17.85,70.56,87.49,76.87
20.37,20.37,67.58,84.54,74.70
19.12,19.12,67.80,86.91,72.24
12.77,12.77,68.73,85.64,70.58
14.05,14.05,69.12,84.69,68.79
8.51,8.51,68.85,87.25,67.62
21.26,21.26,81.06,70.85,70.66
30.77,30.77,85.98,63.07,71.51
33.73,33.73,84.56,60.35,66.48
26.35,26.35,82.29,53.24,65.28
19.38,19.38,80.28,56.25,58.73
18.46,18.46,78.42,47.15,58.88
8.85,8.85,73.60,52.33,60.14
4.97,4.97,73.86,75.95,72.07
4.47,4.47,69.93,84.04,79.33
7.43,7.43,68.41,89.13,80.47
13.57,13.57,66.17,88.22,77.58
9.03,9.03,61.53,87.49,76.95
4.74,4.74,60.62,93.35,76.53
3.63,3.63,60.46,87.25,74.90
4.45,4.45,64.34,86.22,73.88
0.59,0.59,54.89,92.29,72.71
0.01,0.01,46.81,87.63,68.81
-0.00,-0.00,40.20,89.22,67.72
2.74,2.74,29.35,87.88,60.16
9.15,9.15,26.53,83.47,47.61
11.57,11.57,23.00,93.60,40.58
9.14,9.14,24.76,88.33,37.00
1.93,1.93,24.35,90.46,27.73
4.31,4.31,26.05,86.24,19.16
16.14,16.14,44.23,82.88,14.69
23.85,23.85,59.15,76.97,18.45
22.87,22.87,76.76,74.42,23.92
20.06,20.06,88.36,55.91,34.12
21.11,21.11,93.31,28.59,42.97
14.93,14.93,93.64,22.61,43.72
7.27,7.27,94.63,20.72,42.65
3.80,3.80,90.87,18.68,35.47
8.35,8.35,87.52,15.49,38.15
13.32,13.32,80.70,13.59,52.94
18.37,18.37,69.39,11.96,77.35
13.88,13.88,64.66,22.12,77.73
14.46,14.46,65.74,31.59,78.74
15.96,15.96,64.88,30.35,77.62
19.58,19.58,59.98,34.61,72.30
13.80,13.80,38.91,27.56,40.95
8.24,8.24,28.10,12.82,27.18
18.89,18.89,24.51,3.79,29.76
24.31,24.31,20.92,0.98,27.57
27.45,27.45,20.54,0.23,27.03
22.03,22.03,23.26,6.04,29.65
10.22,10.22,36.18,16.43,37.09
12.97,12.97,49.16,25.97,49.28
19.54,19.54,68.56,39.40,75.21
19.46,19.46,67.25,36.44,81.08
16.38,16.38,65.04,34.11,79.52
24.01,24.01,61.83,30.95,77.73
14.44,14.44,50.07,19.29,53.90
6.23,6.23,42.64,11.02,43.19
8.72,8.72,55.92,23.00,56.03
24.02,24.02,89.97,23.67,67.55
24.15,24.15,92.38,19.37,66.31
25.84,25.84,92.85,27.39,64.27
16.94,16.94,91.66,34.14,63.37
14.40,14.40,89.53,42.43,65.94
13.06,13.06,86.87,56.09,67.13
16.01,16.01,82.31,70.61,68.37
21.21,21.21,74.21,76.88,78.22
22.26,22.26,70.32,84.70,83.62
18.67,18.67,63.62,85.86,84.64
19.61,19.61,64.16,87.46,78.23
18.46,18.46,65.99,90.73,70.43
20.64,20.64,68.96,88.23,66.18
34.41,34.41,78.36,87.14,70.98
36.66,36.66,82.11,85.53,84.10
33.09,33.09,75.87,81.97,86.45
27.66,27.66,70.85,79.91,86.10
22.51,22.51,67.57,69.15,71.66
22.05,22.05,64.94,61.72,62.49
18.17,18.17,67.06,58.46,62.61
18.17,18.17,73.43,72.52,80.89
21.71,21.71,71.01,85.95,86.62
21.28,21.28,68.58,85.55,85.54
18.40,18.40,65.77,87.56,83.65
14.05,14.05,65.19,87.07,82.77
19.18,19.18,68.19,89.06,81.23
14.51,14.51,76.94,88.72,76.05
12.73,12.73,91.54,68.98,59.99
11.18,11.18,93.46,68.98,54.87
9.52,9.52,93.59,50.47,49.06
3.36,3.36,93.11,44.82,46.05
3.65,3.65,90.56,47.82,41.39
10.13,10.13,83.90,54.51,48.59
20.49,20.49,74.24,62.17,57.60
22.93,22.93,78.42,69.28,72.64
23.84,23.84,77.21,69.76,77.91
22.36,22.36,73.34,69.47,77.34
19.93,19.93,66.21,61.15,77.02
20.33,20.33,67.95,55.89,68.30
21.20,21.20,69.84,55.53,61.59
27.47,27.47,77.15,71.13,76.96
21.04,21.04,79.42,84.84,84.49
17.04,17.04,74.11,89.68,82.92
16.21,16.21,69.55,89.02,81.99
18.64,18.64,66.84,90.13,81.78
13.62,13.62,66.22,92.36,80.95
19.42,19.42,67.38,89.02,79.61
22.00,22.00,73.00,89.59,75.75
19.06,19.06,69.63,90.23,79.33
19.49,19.49,68.10,89.57,77.90
19.55,19.55,67.10,91.02,72.45
16.83,16.83,67.71,91.28,68.88
10.74,10.74,71.47,89.62,64.38
18.19,18.19,75.83,88.50,64.41
26.23,26.23,92.34,69.09,71.34
19.98,19.98,92.77,65.62,66.94
26.32,26.32,92.21,55.24,67.22
17.20,17.20,92.41,44.32,66.34
14.80,14.80,89.32,38.33,68.66
10.15,10.15,83.67,58.21,67.32
9.26,9.26,75.10,68.78,71.28
16.83,16.83,72.63,78.97,83.31
20.69,20.69,66.93,87.29,84.25
22.91,22.91,63.95,86.33,84.81
18.98,18.98,59.90,89.33,84.28
13.73,13.73,59.75,88.06,81.85
15.46,15.46,61.96,90.92,80.50
23.92,23.92,77.40,88.19,81.37
27.78,27.78,80.39,86.61,83.01
30.91,30.91,75.94,88.16,83.22
28.34,28.34,72.03,87.10,81.42
20.70,20.70,63.06,88.81,70.65
22.51,22.51,57.65,91.62,67.56
30.31,30.31,58.93,87.33,65.05
32.24,32.24,74.60,87.18,84.31
28.84,28.84,67.19,84.72,81.62
24.69,24.69,63.41,79.90,81.95
20.79,20.79,57.26,77.19,74.10
10.97,10.97,44.66,62.86,45.96
5.51,5.51,49.45,55.63,47.73
8.16,8.16,66.39,48.22,60.22
11.53,11.53,92.61,43.41,64.69
19.68,19.68,95.28,33.34,63.80
32.32,32.32,93.19,25.25,69.72
38.27,38.27,91.55,24.72,76.80
38.97,38.97,88.19,28.92,80.67
32.29,32.29,84.93,25.77,82.66
25.94,25.94,75.75,22.56,82.14
22.55,22.55,68.96,20.92,82.04
19.53,19.53,66.66,20.63,81.56
24.29,24.29,66.12,26.17,81.75
23.87,23.87,66.81,39.78,82.79
16.12,16.12,66.46,56.24,81.36
12.57,12.57,68.82,67.01,79.60
21.47,21.47,81.25,78.85,84.83
18.97,18.97,79.79,83.09,86.99
21.55,21.55,74.59,84.68,87.94
21.30,21.30,69.06,88.36,84.92
16.12,16.12,65.26,86.86,82.59
14.38,14.38,63.88,89.06,84.22
14.26,14.26,67.10,87.90,80.85
17.45,17.45,72.70,85.82,83.98
18.17,18.17,68.32,85.01,81.57
21.05,21.05,64.38,78.56,79.94
14.68,14.68,61.43,72.87,77.70
10.06,10.06,66.58,59.34,74.90
3.41,3.41,74.72,50.19,68.60
15.57,15.57,83.66,48.17,70.12
26.20,26.20,92.04,40.56,72.24
18.42,18.42,93.41,31.72,66.19
20.18,20.18,92.26,34.09,66.33
15.82,15.82,90.80,38.24,67.02
11.85,11.85,88.52,46.97,69.19
9.54,9.54,83.04,61.23,67.93
16.27,16.27,75.57,69.58,72.14
19.90,19.90,69.74,75.44,82.65
23.65,23.65,63.10,80.54,84.73
23.81,23.81,61.98,79.84,83.42
21.77,21.77,61.66,81.41,72.40
20.30,20.30,65.24,81.08,69.16
30.56,30.56,69.77,81.38,66.36
33.22,33.22,83.15,80.14,80.98
33.41,33.41,78.38,77.88,86.07
30.50,30.50,73.44,68.94,86.62
27.72,27.72,70.32,69.39,80.98
21.03,21.03,66.37,54.77,62.93
12.40,12.40,66.84,52.88,62.93
11.82,11.82,70.56,58.30,68.87
18.43,18.43,75.45,88.62,85.88
18.50,18.50,70.87,89.15,85.38
18.47,18.47,67.59,87.94,83.13
20.26,20.26,66.32,87.50,83.24
11.76,11.76,69.79,88.14,80.97
10.32,10.32,73.30,91.34,78.90
12.49,12.49,84.07,75.18,68.04
15.97,15.97,92.49,67.41,57.42
14.80,14.80,94.88,53.54,50.12
7.65,7.65,93.29,50.13,47.73
3.01,3.01,92.31,47.24,39.27
8.12,8.12,87.27,48.59,43.48
14.00,14.00,79.89,53.21,48.43
21.90,21.90,76.20,66.05,68.24
19.19,19.19,78.30,68.80,76.58
16.71,16.71,76.68,73.42,78.06
17.86,17.86,68.45,71.17,77.80
21.48,21.48,66.32,65.28,74.77
21.56,21.56,68.32,57.83,61.73
14.98,14.98,72.33,57.83,66.57
23.48,23.48,81.67,79.15,85.69
26.60,26.60,76.15,84.39,88.45
27.00,27.00,72.22,87.51,86.78
17.24,17.24,67.71,86.69,84.82
14.99,14.99,67.34,84.96,82.83
15.80,15.80,65.86,87.69,81.52
21.26,21.26,71.27,84.49,83.02
24.71,24.71,73.85,87.85,81.42
16.04,16.04,71.76,85.91,77.17
17.38,17.38,69.46,84.09,79.25
11.24,11.24,67.11,86.50,72.06
14.10,14.10,68.34,84.63,67.83
23.19,23.19,68.44,86.46,63.85
30.28,30.28,82.64,71.74,71.43
35.46,35.46,85.78,64.88,71.74
34.46,34.46,85.00,54.85,69.15
29.41,29.41,83.86,55.50,67.27
27.60,27.60,80.64,56.00,64.46
21.06,21.06,76.22,46.92,62.97
16.35,16.35,72.67,39.90,62.95
19.70,19.70,72.47,39.25,71.27
25.33,25.33,68.89,31.87,81.83
30.36,30.36,64.48,31.60,83.64
34.99,34.99,67.40,33.85,78.74
21.66,21.66,52.04,23.01,53.74
18.47,18.47,54.47,23.56,54.81
24.49,24.49,70.35,29.16,70.32
23.61,23.61,78.09,29.89,87.89
25.43,25.43,69.76,31.00,88.15
27.53,27.53,68.34,31.55,86.49
25.40,25.40,65.69,28.75,85.87
29.82,29.82,64.04,21.46,85.99
28.25,28.25,60.84,12.84,84.28
30.87,30.87,58.44,10.51,82.95
31.82,31.82,56.95,10.64,80.54
33.53,33.53,54.42,17.56,79.45
35.05,35.05,52.74,18.31,77.25
35.19,35.19,50.22,19.54,74.59
34.54,34.54,45.74,16.17,72.93
34.79,34.79,44.33,23.15,68.02
27.29,27.29,45.23,36.46,62.91
17.44,17.44,36.95,39.17,43.97
12.68,12.68,24.99,32.48,33.17
5.68,5.68,21.24,14.55,25.29
3.91,3.91,34.59,12.75,34.99
6.97,6.97,44.51,26.95,44.82
19.36,19.36,60.65,27.41,59.57
26.55,26.55,83.92,31.40,76.23
24.71,24.71,77.57,26.77,79.05
22.11,22.11,68.81,29.02,82.10
22.40,22.40,62.09,29.27,83.29
23.65,23.65,63.58,29.68,81.43
23.23,23.23,60.45,22.68,70.32
28.17,28.17,69.37,23.28,63.90
31.21,31.21,83.56,23.29,73.32
28.84,28.84,78.48,31.93,73.10
22.18,22.18,69.72,33.21,80.44
16.90,16.90,70.15,26.52,78.08
8.46,8.46,53.47,19.27,61.59
11.98,11.98,52.03,20.70,51.97
23.83,23.83,76.69,28.08,71.03
23.23,23.23,77.79,21.90,76.89
19.65,19.65,78.27,19.03,76.47
21.31,21.31,81.44,23.03,76.52
13.76,13.76,81.29,19.92,67.38
6.21,6.21,83.09,30.21,59.63
6.34,6.34,81.79,39.51,56.68
23.22,23.22,91.10,43.70,67.31
21.15,21.15,93.06,35.65,64.60
19.65,19.65,92.72,36.23,64.23
18.31,18.31,91.72,46.04,63.68
20.37,20.37,89.80,52.47,66.09
14.36,14.36,85.61,66.45,65.70
17.66,17.66,77.96,80.23,68.29
20.60,20.60,72.23,84.00,77.95
18.94,18.94,65.28,87.94,83.37
21.19,21.19,64.17,88.22,83.76
21.12,21.12,61.46,89.74,74.09
20.70,20.70,61.43,92.52,65.21
30.17,30.17,66.71,91.67,63.34
41.78,41.78,78.34,88.14,71.58
42.05,42.05,82.11,89.17,84.64
38.34,38.34,75.67,88.05,86.55
30.04,30.04,72.31,85.41,84.64
22.52,22.52,68.26,79.00,68.44
16.15,16.15,67.50,68.88,59.79
15.08,15.08,69.14,62.55,63.65
19.65,19.65,77.04,78.21,80.08
23.98,23.98,74.67,84.33,83.78
19.12,19.12,70.35,84.86,82.96
24.51,24.51,70.13,85.14,81.23
26.76,26.76,69.50,86.70,75.26
29.07,29.07,75.42,83.01,75.29
27.77,27.77,75.54,84.01,68.62
21.17,21.17,91.69,66.62,59.28
15.43,15.43,93.62,67.22,50.74
10.24,10.24,93.88,45.22,45.59
2.57,2.57,93.90,50.01,39.34
2.92,2.92,90.34,43.11,35.23
10.01,10.01,85.29,60.25,42.95
16.64,16.64,79.59,62.86,57.88
17.49,17.49,74.52,71.77,74.59
21.21,21.21,72.32,71.95,77.35
24.15,24.15,71.07,72.88,77.97
25.29,25.29,66.17,66.46,76.79
22.15,22.15,66.94,60.55,67.88
17.12,17.12,69.52,53.13,60.92
21.26,21.26,77.88,71.47,76.46
20.03,20.03,79.78,80.53,84.11
28.52,28.52,75.44,83.15,83.17
20.38,20.38,71.00,74.87,81.93
17.47,17.47,68.53,86.52,77.84
16.42,16.42,68.32,80.14,76.22
14.07,14.07,68.13,83.76,75.82
23.66,23.66,76.75,82.19,79.35
20.40,20.40,70.96,79.21,85.76
19.48,19.48,66.87,85.26,84.62
19.37,19.37,66.29,80.27,77.91
17.89,17.89,66.92,82.42,66.61
18.52,18.52,72.68,82.83,62.12
18.16,18.16,74.92,73.52,59.54
25.68,25.68,92.05,64.94,62.59
17.82,17.82,93.85,62.07,59.64
26.73,26.73,92.33,44.16,62.74
19.92,19.92,92.43,38.37,61.77
17.03,17.03,89.03,45.47,62.70
18.75,18.75,83.79,58.55,61.42
15.41,15.41,74.14,68.97,68.94
16.50,16.50,72.71,79.65,80.78
15.63,15.63,71.29,84.97,83.38
21.05,21.05,70.21,85.38,83.25
19.93,19.93,66.27,90.66,76.10
21.17,21.17,66.42,85.47,79.94
24.48,24.48,67.11,84.89,77.87
24.15,24.15,80.76,88.12,76.71
18.85,18.85,80.02,81.74,85.10
25.03,25.03,73.97,88.76,85.36
20.95,20.95,69.27,86.98,77.80
14.99,14.99,63.71,84.76,72.23
12.39,12.39,58.80,92.32,70.33
16.11,16.11,64.03,86.73,73.00
25.54,25.54,74.14,88.50,83.40
24.42,24.42,67.39,84.09,83.34
25.16,25.16,62.01,83.74,80.59
24.86,24.86,60.64,81.91,75.95
20.67,20.67,57.63,69.57,68.15
27.17,27.17,65.79,58.88,65.33
23.56,23.56,73.53,55.42,60.14
14.39,14.39,92.83,53.99,59.36
18.65,18.65,93.92,37.75,65.70
26.86,26.86,95.04,32.36,73.70
30.70,30.70,91.00,31.07,78.46
32.67,32.67,88.96,24.90,79.63
26.07,26.07,84.32,14.41,80.46
27.04,27.04,75.69,25.35,80.69
28.17,28.17,69.88,26.07,81.65
23.91,23.91,69.73,26.04,82.94
27.04,27.04,67.66,27.90,83.10
29.88,29.88,67.59,32.25,83.19
29.19,29.19,68.69,45.78,81.26
23.49,23.49,68.73,57.94,81.44
28.13,28.13,80.30,73.45,84.37
27.05,27.05,79.84,87.39,83.88
20.80,20.80,73.30,82.63,82.11
26.94,26.94,68.27,85.63,80.28
21.77,21.77,65.73,86.76,79.02
20.37,20.37,62.01,83.43,77.83
19.37,19.37,67.80,86.97,78.71
18.30,18.30,72.33,85.95,79.25
16.95,16.95,67.41,83.93,77.66
21.12,21.12,65.21,81.48,77.95
15.98,15.98,62.73,70.92,77.86
9.18,9.18,65.63,61.55,76.07
2.97,2.97,74.03,55.06,70.32
12.47,12.47,84.35,41.86,65.89
22.62,22.62,91.78,46.87,65.85
20.60,20.60,93.49,39.01,62.70
23.37,23.37,91.57,37.12,64.78
16.95,16.95,91.44,46.79,64.07
17.92,17.92,88.07,57.15,66.27
15.10,15.10,81.62,67.18,65.35
23.44,23.44,75.27,75.27,73.63
23.20,23.20,68.45,83.30,82.35
24.74,24.74,63.15,80.22,84.84
23.89,23.89,64.81,80.24,81.99
19.18,19.18,63.08,88.82,70.73
21.51,21.51,67.07,80.91,67.05
35.08,35.08,70.88,78.07,66.48
36.93,36.93,82.93,84.34,82.93
41.28,41.28,78.35,84.15,86.87
34.34,34.34,74.08,79.52,87.34
27.65,27.65,70.39,75.46,79.72
23.68,23.68,67.92,68.31,63.31
14.06,14.06,65.89,59.36,62.57
13.52,13.52,70.26,65.04,70.52
21.46,21.46,74.59,83.16,86.19
19.51,19.51,71.78,89.12,84.34
21.03,21.03,70.71,87.81,79.84
17.03,17.03,68.06,90.55,78.99
12.04,12.04,69.24,88.83,77.68
13.24,13.24,77.11,88.61,73.22
14.74,14.74,85.43,79.36,63.81
15.38,15.38,92.44,67.60,56.79
12.75,12.75,94.67,48.01,49.09
5.27,5.27,93.44,51.78,42.70
2.69,2.69,92.26,57.97,37.04
8.61,8.61,87.01,68.26,40.23
12.82,12.82,78.38,71.93,48.32
21.91,21.91,75.25,74.56,71.42
19.00,19.00,71.61,82.21,76.37
20.11,20.11,65.75,81.00,77.76
21.64,21.64,63.40,78.54,77.42
23.37,23.37,64.98,69.51,73.67
22.22,22.22,67.79,59.64,64.70
20.97,20.97,73.72,61.31,67.41
28.03,28.03,81.77,81.22,82.92
30.51,30.51,76.75,86.50,83.60
26.94,26.94,71.38,84.14,80.61
21.83,21.83,67.66,83.56,80.87
17.60,17.60,64.66,88.90,77.90
21.61,21.61,63.27,83.90,76.73
28.53,28.53,68.31,82.37,78.92
27.07,27.07,68.66,87.12,80.78
25.09,25.09,67.26,85.39,79.27
17.05,17.05,64.56,86.83,77.32
18.43,18.43,64.27,85.29,71.21
15.67,15.67,63.99,86.04,67.87
23.45,23.45,66.22,89.27,67.65
37.92,37.92,83.91,64.26,75.09
43.06,43.06,84.37,65.01,73.43
39.89,39.89,84.33,53.41,73.84
32.68,32.68,82.62,59.06,70.02
26.02,26.02,80.65,56.02,67.14
23.78,23.78,76.32,47.61,62.63
29.68,29.68,73.54,38.35,65.11
39.29,39.29,85.87,48.72,78.37
38.63,38.63,84.25,47.12,80.57
36.59,36.59,83.76,44.96,82.35
34.66,34.66,80.97,40.56,75.58
23.98,23.98,79.33,39.14,67.89
23.39,23.39,74.57,38.33,63.01
28.72,28.72,75.82,36.85,73.10
42.21,42.21,84.58,34.94,84.99
41.03,41.03,82.86,32.70,85.97
42.08,42.08,82.89,26.39,84.39
37.27,37.27,80.68,22.17,71.31
30.33,30.33,78.17,24.76,69.15
28.43,28.43,74.51,18.89,69.66
34.27,34.27,81.72,17.90,79.33
41.32,41.32,84.79,10.92,86.12
42.02,42.02,82.65,9.14,84.34
38.72,38.72,82.61,10.64,80.37
30.92,30.92,81.01,7.28,67.95
20.96,20.96,77.73,4.18,61.49
14.59,14.59,72.44,0.42,56.62
10.80,10.80,90.09,-0.00,48.89
7.78,7.78,93.72,-0.00,41.08
3.69,3.69,94.45,0.08,43.03
0.57,0.57,92.86,0.50,36.34
4.59,4.59,90.93,2.34,26.99
12.70,12.70,86.25,4.54,38.45
24.24,24.24,80.44,12.00,52.39
26.49,26.49,69.31,15.07,72.48
23.97,23.97,61.38,20.97,69.76
19.81,19.81,59.95,23.01,70.71
22.10,22.10,59.20,24.61,70.40
23.26,23.26,57.98,27.24,61.34
32.53,32.53,50.86,32.03,50.49
43.40,43.40,71.77,44.23,69.86
42.75,42.75,72.47,40.92,81.51
29.29,29.29,64.28,34.37,82.91
21.92,21.92,63.74,34.15,81.70
15.80,15.80,51.95,31.27,60.10
10.82,10.82,48.04,21.43,48.06
15.53,15.53,55.97,28.85,56.16
22.25,22.25,77.67,36.14,78.14
25.93,25.93,68.98,31.44,81.15
27.57,27.57,63.06,31.81,79.86
27.53,27.53,63.08,32.77,80.85
27.14,27.14,64.02,24.36,82.10
24.16,24.16,70.08,16.34,80.22
16.34,16.34,73.81,4.31,73.40
24.85,24.85,91.95,4.62,72.88
15.78,15.78,92.98,14.00,68.65
26.81,26.81,91.95,22.87,69.27
22.24,22.24,92.12,33.07,67.03
15.54,15.54,90.25,43.41,68.76
11.72,11.72,85.76,52.54,68.70
14.53,14.53,79.61,60.98,71.32
21.93,21.93,72.41,69.04,80.04
20.26,20.26,63.76,76.25,84.59
22.84,22.84,60.90,81.32,84.52
23.23,23.23,60.32,80.50,76.89
19.04,19.04,62.80,80.36,70.18
24.34,24.34,67.44,80.71,67.91
38.19,38.19,78.38,76.22,74.67
30.85,30.85,80.91,80.68,85.91
34.87,34.87,75.19,75.70,86.55
29.05,29.05,71.26,69.08,85.10
24.49,24.49,67.98,63.76,69.06
21.72,21.72,65.47,53.41,64.23
19.46,19.46,67.63,56.27,65.94
19.44,19.44,73.55,77.66,83.54
19.46,19.46,70.56,87.66,86.33
21.61,21.61,69.21,89.51,84.64
19.51,19.51,67.76,88.18,84.39
14.58,14.58,66.41,87.38,83.13
15.57,15.57,71.30,89.81,80.34
12.83,12.83,75.23,84.38,73.18
13.74,13.74,92.73,67.75,62.04
13.95,13.95,93.77,59.25,52.14
7.90,7.90,94.00,44.42,46.56
4.96,4.96,93.87,45.39,40.48
9.33,9.33,89.83,46.86,38.42
13.76,13.76,83.71,51.39,45.47
23.80,23.80,77.28,55.19,61.45
22.12,22.12,78.13,63.36,73.53
20.12,20.12,78.01,65.12,77.59
21.61,21.61,76.72,63.84,77.24
24.91,24.91,66.19,56.59,76.77
24.53,24.53,67.24,53.42,67.22
19.37,19.37,68.96,52.42,60.83
25.07,25.07,79.62,71.99,79.59
23.47,23.47,78.41,86.68,86.45
20.20,20.20,75.44,85.11,85.78
20.51,20.51,72.35,87.20,85.08
13.36,13.36,68.89,85.12,82.48
17.59,17.59,67.93,89.01,81.75
19.56,19.56,67.50,87.95,81.16
23.54,23.54,72.16,84.96,80.89
20.97,20.97,70.15,84.84,81.94
14.81,14.81,69.19,86.07,75.33
16.69,16.69,68.42,85.33,75.77
7.92,7.92,69.11,88.52,69.41
11.16,11.16,72.18,87.25,65.37
16.97,16.97,80.30,79.56,64.06
22.07,22.07,91.76,68.88,68.93
16.42,16.42,94.34,61.41,63.39
16.78,16.78,92.52,50.87,64.63
15.28,15.28,91.07,42.50,64.06
13.64,13.64,88.72,44.60,65.74
11.86,11.86,83.64,59.12,64.19
18.50,18.50,73.48,69.91,72.20
24.14,24.14,70.50,81.02,82.04
19.18,19.18,67.63,84.86,82.80
18.79,18.79,64.50,88.71,79.53
14.17,14.17,60.23,90.17,81.45
11.87,11.87,61.95,90.39,80.50
11.04,11.04,64.35,89.78,79.20
19.80,19.80,80.27,88.04,77.97
27.58,27.58,79.76,89.86,80.21
18.67,18.67,75.14,89.36,82.35
19.69,19.69,68.96,90.10,77.23
14.47,14.47,63.47,90.98,66.86
12.11,12.11,58.40,88.93,65.48
15.34,15.34,62.31,90.91,65.98
19.67,19.67,77.95,87.60,80.05
19.64,19.64,67.52,85.74,82.24
16.44,16.44,63.11,82.01,81.25
16.13,16.13,59.34,70.09,70.82
9.10,9.10,49.43,62.50,50.97
4.39,4.39,51.49,55.07,50.44
9.16,9.16,69.89,44.23,54.60
10.49,10.49,92.33,40.09,58.86
19.32,19.32,93.76,31.37,63.46
26.16,26.16,94.22,25.65,68.63
30.88,30.88,92.90,25.37,74.28
29.47,29.47,87.75,13.04,76.88
23.76,23.76,82.02,13.18,78.30
23.03,23.03,75.21,15.12,80.67
21.17,21.17,67.42,14.39,81.59
24.23,24.23,65.60,14.92,80.19
25.50,25.50,63.82,23.38,80.75
24.13,24.13,63.98,52.60,81.11
18.34,18.34,65.44,69.27,80.85
20.21,20.21,68.43,74.55,78.09
20.33,20.33,80.53,83.38,82.73
22.77,22.77,76.67,79.28,88.48
27.11,27.11,71.45,82.76,86.64
22.23,22.23,67.75,83.47,85.49
19.30,19.30,65.59,84.89,83.27
24.01,24.01,63.57,85.00,80.91
20.49,20.49,67.71,83.48,84.22
24.72,24.72,70.70,82.43,79.55
19.48,19.48,69.58,80.36,77.93
18.93,18.93,64.34,75.81,76.69
11.92,11.92,61.78,63.29,75.52
6.78,6.78,67.52,50.09,71.84
9.83,9.83,73.14,40.23,65.94
17.49,17.49,84.62,40.42,65.19
25.77,25.77,91.77,36.52,66.26
26.37,26.37,93.70,39.34,62.31
26.27,26.27,91.98,40.92,66.40
20.91,20.91,91.59,40.40,66.40
15.59,15.59,87.95,51.57,68.62
9.50,9.50,82.42,62.36,68.30
16.92,16.92,75.53,72.33,73.63
20.89,20.89,68.05,77.96,83.18
22.92,22.92,61.96,79.68,84.62
24.97,24.97,61.74,83.04,81.18
23.70,23.70,62.41,85.40,70.02
18.87,18.87,68.89,83.24,65.80
31.23,31.23,73.61,84.67,66.20
37.27,37.27,84.35,79.49,85.29
39.32,39.32,79.44,79.90,87.70
34.15,34.15,73.69,76.71,86.74
27.66,27.66,71.62,66.88,76.75
19.30,19.30,68.77,60.14,60.25
23.17,23.17,67.23,52.92,61.96
24.56,24.56,67.14,60.36,74.47
25.37,25.37,67.57,82.12,88.06
16.02,16.02,65.56,85.41,84.69
16.83,16.83,63.16,84.48,84.28
17.40,17.40,63.33,86.06,83.66
16.23,16.23,67.67,87.72,81.43
13.36,13.36,76.99,83.05,78.65
11.90,11.90,85.50,71.99,68.76
14.51,14.51,92.99,71.96,54.31
11.46,11.46,93.65,54.44,50.01
4.44,4.44,94.59,53.37,44.49
4.06,4.06,91.72,45.78,36.10
7.08,7.08,87.14,56.37,44.92
15.98,15.98,77.65,62.83,51.51
22.21,22.21,71.84,66.49,72.10
20.64,20.64,76.45,72.52,77.13
19.48,19.48,68.41,72.89,77.47
20.26,20.26,64.75,62.92,77.53
20.03,20.03,67.55,60.22,72.73
19.13,19.13,70.03,53.63,61.34
16.20,16.20,75.26,62.94,67.26
20.91,20.91,81.63,83.08,79.66
21.05,21.05,76.90,83.31,81.85
23.86,23.86,73.40,81.73,81.07
26.84,26.84,69.96,81.31,82.14
24.06,24.06,67.03,85.07,82.14
21.47,21.47,67.63,84.47,81.65
21.16,21.16,71.56,82.46,83.46
21.05,21.05,72.16,80.24,79.11
21.39,21.39,71.85,80.21,81.16
15.70,15.70,69.09,82.86,77.02
12.46,12.46,66.49,83.44,67.67
13.02,13.02,69.19,82.87,65.14
18.15,18.15,74.78,79.97,58.29
25.68,25.68,88.77,80.19,67.17
23.97,23.97,91.77,74.34,79.77
12.26,12.26,93.26,58.52,78.75
10.90,10.90,91.73,51.61,78.89
17.80,17.80,88.68,43.91,82.08
17.95,17.95,87.01,36.73,82.69
15.43,15.43,80.33,33.86,81.83
17.91,17.91,70.77,30.92,80.15
27.33,27.33,64.37,28.59,79.38
33.21,33.21,59.06,23.19,78.12
35.09,35.09,57.03,21.29,76.52
33.62,33.62,51.86,22.54,74.20
30.60,30.60,55.68,28.38,71.93
31.87,31.87,65.70,39.99,75.73
25.44,25.44,71.66,35.71,78.95
21.67,21.67,66.91,40.35,79.71
21.44,21.44,63.54,38.69,78.42
24.76,24.76,62.16,35.13,76.87
28.37,28.37,59.48,34.39,76.00
32.02,32.02,57.87,39.26,74.74
36.66,36.66,57.22,34.48,72.95
36.02,36.02,54.21,34.94,71.61
36.77,36.77,53.02,33.36,69.82
38.69,38.69,51.51,34.40,68.55
37.94,37.94,47.13,32.89,66.81
48.49,48.49,42.77,27.08,64.02
55.61,55.61,42.99,30.34,63.53
66.27,66.27,54.56,34.62,71.87
65.29,65.29,59.48,41.84,79.82
65.31,65.31,65.59,35.18,81.87
68.11,68.11,66.71,32.53,76.25
61.39,61.39,63.83,29.50,67.86
58.38,58.38,56.44,21.91,61.50
49.22,49.22,63.87,14.85,64.00
54.93,54.93,80.23,22.49,76.69
53.79,53.79,78.35,19.23,78.80
59.29,59.29,77.08,17.54,76.67
54.18,54.18,69.54,26.24,68.27
51.22,51.22,66.46,22.24,65.18
47.13,47.13,54.91,18.28,54.46
46.01,46.01,68.84,10.15,68.87
50.37,50.37,79.71,15.38,77.29
46.72,46.72,76.96,6.79,78.43
57.91,57.91,75.42,12.66,75.61
55.44,55.44,67.01,17.17,67.27
47.66,47.66,63.81,16.17,61.82
39.96,39.96,54.03,5.24,54.26
43.34,43.34,71.08,8.03,68.76
48.37,48.37,79.18,15.25,75.90
50.37,50.37,72.36,9.08,75.77
46.48,46.48,71.86,12.32,71.97
39.08,39.08,66.03,17.28,62.55
27.27,27.27,60.15,22.64,54.95
26.93,26.93,61.06,27.82,59.00
32.39,32.39,87.54,41.32,69.70
29.32,29.32,84.76,42.38,67.63
28.25,28.25,85.32,44.92,70.01
30.46,30.46,83.25,53.44,67.25
26.60,26.60,79.04,57.35,65.25
15.21,15.21,74.55,65.56,65.29
15.49,15.49,70.97,67.63,68.14
14.74,14.74,69.96,75.33,80.39
16.56,16.56,65.57,84.24,84.62
21.72,21.72,64.24,84.87,82.15
22.66,22.66,64.84,83.10,71.94
20.75,20.75,67.77,86.16,65.63
15.29,15.29,70.18,81.01,61.49
22.43,22.43,79.57,82.32,77.10
19.34,19.34,79.90,84.01,83.12
19.90,19.90,74.21,85.91,83.52
22.52,22.52,71.34,83.14,81.93
17.48,17.48,69.37,69.71,64.97
20.67,20.67,68.32,62.48,62.11
19.95,19.95,68.26,64.71,64.18
21.03,21.03,72.37,77.45,83.85
24.47,24.47,71.43,83.78,81.56
19.31,19.31,67.38,86.75,79.61
21.61,21.61,66.82,89.21,77.15
20.92,20.92,66.37,86.80,76.49
16.12,16.12,65.76,86.70,72.88
14.08,14.08,65.92,84.99,70.69
18.21,18.21,66.41,60.61,59.58
24.43,24.43,60.48,63.22,55.60
31.13,31.13,58.03,63.06,57.72
33.88,33.88,56.37,60.29,57.85
33.27,33.27,55.43,63.93,57.31
21.88,21.88,55.43,73.28,59.76
20.06,20.06,62.33,81.52,68.88
18.41,18.41,63.09,79.58,76.06
15.76,15.76,58.44,81.29,78.44
27.08,27.08,58.83,82.91,78.20
25.57,25.57,64.01,75.83,78.43
24.36,24.36,66.26,65.02,69.44
16.93,16.93,69.05,61.91,64.39
19.06,19.06,79.97,79.93,77.29
26.60,26.60,78.55,86.39,82.85
19.28,19.28,74.63,86.75,81.53
19.21,19.21,68.66,92.30,78.06
19.02,19.02,67.51,91.23,76.42
19.75,19.75,65.38,91.12,75.52
19.62,19.62,66.57,90.77,75.78
24.37,24.37,72.27,88.60,80.98
25.18,25.18,67.59,91.87,81.65
22.84,22.84,65.01,90.05,80.00
20.62,20.62,64.88,89.95,74.36
9.14,9.14,64.81,92.47,65.51
19.18,19.18,66.75,89.74,64.03
26.81,26.81,76.06,84.10,68.85
32.34,32.34,86.92,65.05,73.90
31.58,31.58,84.46,64.67,68.81
37.53,37.53,85.02,57.15,69.95
36.37,36.37,81.23,64.63,65.02
33.25,33.25,78.06,58.98,67.03
24.06,24.06,73.20,54.49,66.02
18.03,18.03,71.52,68.87,74.21
20.70,20.70,68.98,84.82,81.13
22.84,22.84,65.17,81.93,83.65
23.90,23.90,62.38,89.98,82.52
19.54,19.54,60.03,89.56,75.48
13.98,13.98,61.43,91.10,76.88
13.88,13.88,62.62,89.56,77.02
26.28,26.28,79.78,86.62,81.99
23.35,23.35,77.84,91.31,81.29
28.95,28.95,73.09,88.53,81.38
24.56,24.56,66.32,90.27,79.69
16.64,16.64,61.44,88.85,72.09
17.21,17.21,57.44,89.53,73.09
18.04,18.04,60.97,92.58,71.46
25.54,25.54,70.49,88.09,83.61
26.28,26.28,65.84,86.38,82.13
26.41,26.41,61.40,83.84,81.79
25.76,25.76,56.03,79.49,73.39
21.39,21.39,52.24,69.17,63.14
18.61,18.61,55.58,68.42,61.34
17.26,17.26,63.02,66.48,62.83
20.02,20.02,66.91,55.74,79.18
24.95,24.95,65.98,44.66,82.68
23.10,23.10,65.77,55.36,79.56
23.32,23.32,64.81,58.54,80.08
20.09,20.09,61.71,59.50,80.08
20.50,20.50,63.48,59.38,80.51
25.33,25.33,67.38,52.59,83.00
19.31,19.31,66.62,50.84,82.00
26.42,26.42,62.12,46.89,82.17
29.42,29.42,59.59,54.02,81.39
24.07,24.07,61.72,53.98,80.36
11.79,11.79,65.56,53.01,80.02
24.14,24.14,70.89,58.03,80.21
27.26,27.26,79.51,80.24,84.70
19.01,19.01,73.66,89.32,81.32
22.59,22.59,66.89,89.43,79.80
25.24,25.24,64.85,89.70,79.01
20.22,20.22,61.99,92.25,77.28
21.26,21.26,60.11,90.94,76.60
24.49,24.49,63.04,89.24,79.03
22.73,22.73,65.80,90.52,81.54
19.24,19.24,64.16,88.67,82.04
23.78,23.78,61.24,85.00,80.74
25.10,25.10,59.20,74.78,77.64
22.07,22.07,59.60,66.26,76.19
14.51,14.51,64.61,60.02,76.49
23.37,23.37,81.48,56.57,78.14
26.18,26.18,85.37,59.62,77.09
30.78,30.78,84.32,46.97,75.09
25.29,25.29,81.75,54.03,73.54
22.36,22.36,79.17,62.09,70.74
19.24,19.24,75.27,63.16,70.06
17.51,17.51,71.02,73.75,69.68
23.79,23.79,72.78,78.67,76.42
29.78,29.78,70.19,84.89,82.20
24.38,24.38,72.57,86.02,83.46
18.21,18.21,70.14,87.46,79.93
14.37,14.37,64.24,90.66,73.00
17.29,17.29,62.97,87.07,71.41
27.03,27.03,68.01,87.77,73.39
35.21,35.21,75.78,88.69,86.08
33.28,33.28,72.23,84.03,87.40
30.54,30.54,68.25,81.38,86.23
29.86,29.86,63.81,77.10,76.99
22.56,22.56,59.75,66.51,69.29
20.03,20.03,58.58,59.83,70.34
19.29,19.29,63.34,73.68,77.38
19.14,19.14,63.17,85.62,87.24
18.72,18.72,61.24,81.11,86.01
18.99,18.99,60.83,88.33,81.59
19.64,19.64,57.95,89.38,79.90
28.28,28.28,57.87,88.94,78.54
41.49,41.49,60.56,87.25,78.54
52.15,52.15,61.16,71.90,72.24
54.44,54.44,60.03,59.82,78.48
55.41,55.41,60.21,59.07,82.43
56.14,56.14,60.79,46.67,83.82
54.83,54.83,62.15,52.51,82.75
53.71,53.71,62.04,67.20,82.86
49.83,49.83,64.57,72.61,82.67
41.19,41.19,67.36,82.86,81.92
33.62,33.62,63.41,81.73,81.30
32.92,32.92,63.24,80.26,80.84
34.87,34.87,63.83,76.73,80.83
36.56,36.56,65.20,68.72,80.99
34.51,34.51,68.28,63.33,81.85
27.66,27.66,74.64,68.73,81.43
23.78,23.78,78.33,80.47,85.30
21.22,21.22,76.68,84.97,84.41
26.62,26.62,76.68,85.65,82.22
26.39,26.39,71.86,89.07,80.47
21.32,21.32,66.98,88.80,80.49
21.27,21.27,64.39,85.86,79.84
23.99,23.99,66.23,91.16,80.45
27.42,27.42,66.48,87.04,81.46
24.96,24.96,64.27,86.59,77.11
29.00,29.00,62.16,91.10,76.12
35.32,35.32,64.53,88.90,76.41
36.83,36.83,67.32,87.91,75.92
31.80,31.80,69.18,89.07,75.23
35.95,35.95,81.98,66.09,80.67
36.84,36.84,81.93,65.65,78.58
39.10,39.10,81.38,53.32,75.13
29.72,29.72,78.91,58.98,74.78
29.18,29.18,75.51,49.76,73.72
33.75,33.75,70.60,47.33,71.67
31.18,31.18,65.26,54.58,72.49
22.19,22.19,61.80,80.07,78.90
14.62,14.62,53.82,74.24,81.32
15.19,15.19,49.21,82.92,81.49
19.37,19.37,40.09,82.45,80.80
16.86,16.86,37.22,78.26,80.07
14.77,14.77,35.70,85.99,77.29
16.82,16.82,39.11,78.53,76.94
9.22,9.22,41.33,80.56,78.12
6.66,6.66,37.19,85.51,73.33
6.99,6.99,28.33,81.71,69.21
6.25,6.25,17.15,82.71,70.39
2.83,2.83,19.27,84.42,59.32
2.70,2.70,11.18,78.97,51.50
1.88,1.88,5.35,87.45,43.79
0.99,0.99,1.36,80.52,31.58
6.93,6.93,4.86,82.37,13.99
28.65,28.65,20.07,74.03,27.51
40.85,40.85,29.20,76.29,44.87
52.49,52.49,30.06,69.47,52.39
66.32,66.32,39.38,70.00,67.95
74.67,74.67,59.10,58.23,87.87
74.33,74.33,57.76,48.88,85.25
77.57,77.57,56.12,50.39,77.01
79.33,79.33,55.69,40.57,74.78
77.87,77.87,54.60,26.34,74.89
76.47,76.47,59.04,31.05,74.29
74.62,74.62,64.18,38.04,76.00
73.97,73.97,69.04,37.66,74.73
74.75,74.75,64.86,28.50,75.84
71.28,71.28,63.02,35.64,75.59
66.47,66.47,62.07,25.87,73.60
64.34,64.34,64.50,22.32,73.93
63.21,63.21,64.37,19.34,75.75
60.80,60.80,72.13,15.49,75.77
59.33,59.33,71.07,5.58,80.00
60.59,60.59,63.09,2.51,78.31
59.96,59.96,58.48,13.64,78.81
56.48,56.48,55.20,18.69,77.21
58.05,58.05,58.64,17.51,74.98
54.04,54.04,58.39,15.46,75.40
56.57,56.57,73.22,7.79,73.39
54.02,54.02,66.89,9.48,71.80
56.62,56.62,55.77,9.46,73.55
57.03,57.03,48.19,13.66,69.87
57.31,57.31,48.70,21.41,71.41
56.55,56.55,64.01,16.13,72.44
62.17,62.17,70.53,8.22,73.90
58.21,58.21,81.42,7.17,83.89
51.92,51.92,71.63,5.72,77.07
47.66,47.66,62.50,8.78,75.19
44.29,44.29,54.29,19.21,55.55
41.70,41.70,41.94,21.24,51.38
37.14,37.14,44.99,24.57,56.60
41.87,41.87,59.14,20.23,60.64
41.93,41.93,69.42,13.21,66.47
43.37,43.37,59.75,11.30,72.43
42.19,42.19,46.55,8.68,72.75
45.07,45.07,42.23,6.93,71.76
42.07,42.07,43.73,14.06,73.54
41.27,41.27,51.54,19.23,71.17
45.57,45.57,68.06,19.10,71.06
44.88,44.88,68.96,21.70,71.03
48.81,48.81,59.85,16.63,64.72
45.19,45.19,49.97,27.51,61.57
42.86,42.86,45.93,26.30,59.37
39.07,39.07,50.52,16.92,60.22
34.91,34.91,50.93,4.14,61.06
31.00,31.00,72.78,3.35,80.26
23.62,23.62,64.32,-0.00,80.68
27.44,27.44,52.21,-0.00,78.41
30.61,30.61,43.65,0.08,78.13
30.82,30.82,49.72,1.23,77.27
27.34,27.34,58.63,4.46,74.87
31.96,31.96,67.92,7.20,71.16
33.07,33.07,76.70,7.11,88.13
27.51,27.51,71.56,7.97,77.93
29.23,29.23,61.54,23.86,70.73
32.22,32.22,52.69,27.50,57.16
32.88,32.88,46.74,24.18,47.25
26.42,26.42,51.22,34.62,53.37
26.45,26.45,67.97,37.74,58.79
29.57,29.57,68.75,42.25,62.36
38.38,38.38,60.27,36.98,61.35
45.21,45.21,55.34,41.39,58.50
47.81,47.81,57.19,37.48,54.25
48.29,48.29,50.05,31.47,53.58
33.71,33.71,50.60,23.09,56.42
27.56,27.56,71.44,7.91,70.86
24.55,24.55,67.48,3.12,81.66
26.31,26.31,54.44,2.75,79.17
29.15,29.15,44.29,3.43,77.67
26.53,26.53,41.59,9.40,76.07
24.13,24.13,50.19,9.97,76.79
17.02,17.02,57.16,9.22,75.38
19.69,19.69,73.50,8.93,72.77
16.04,16.04,65.09,14.20,72.60
19.98,19.98,54.51,13.92,72.58
21.48,21.48,53.65,13.93,71.15
20.33,20.33,53.21,7.79,73.26
29.02,29.02,67.18,10.76,70.39
33.84,33.84,79.45,9.37,75.60
30.32,30.32,81.99,7.43,82.41
25.06,25.06,76.64,9.45,77.07
30.38,30.38,60.99,4.64,67.48
36.33,36.33,51.11,10.65,55.02
32.73,32.73,46.77,12.16,47.73
26.19,26.19,46.19,13.71,49.64
22.70,22.70,64.99,6.27,64.96
20.71,20.71,67.18,0.71,75.86
27.91,27.91,57.87,-0.00,77.85
33.68,33.68,50.13,2.36,79.47
34.88,34.88,47.64,2.71,78.03
29.69,29.69,48.88,7.41,76.86
21.45,21.45,53.97,18.69,75.95
23.43,23.43,74.32,16.87,74.58
24.64,24.64,65.80,10.42,74.92
30.54,30.54,54.52,17.80,74.36
37.37,37.37,47.29,19.85,74.06
37.12,37.12,46.57,20.12,73.55
30.54,30.54,49.16,17.58,73.35
25.50,25.50,61.31,11.41,72.22
22.48,22.48,73.74,14.30,72.44
24.99,24.99,64.08,21.86,67.07
32.37,32.37,56.30,23.59,61.74
34.73,34.73,53.73,28.54,61.59
33.56,33.56,56.57,27.09,59.05
34.50,34.50,65.73,23.48,65.29
38.58,38.58,81.25,18.42,78.96
35.62,35.62,82.04,23.79,81.36
31.25,31.25,76.70,24.67,77.27
39.87,39.87,59.86,27.09,66.11
45.63,45.63,55.36,28.46,50.70
39.87,39.87,48.99,32.09,44.15
34.35,34.35,50.48,28.42,41.86
38.02,38.02,70.06,42.21,45.12
40.38,40.38,66.61,46.01,44.63
40.58,40.58,58.31,48.74,51.19
46.08,46.08,54.77,41.91,57.21
43.15,43.15,51.14,39.14,56.78
37.21,37.21,48.13,22.63,60.56
29.56,29.56,53.59,14.54,62.86
27.85,27.85,72.46,6.71,79.25
26.51,26.51,62.99,0.14,80.85
28.41,28.41,51.41,0.61,79.27
30.67,30.67,45.67,3.31,76.03
26.03,26.03,45.65,7.37,75.26
19.11,19.11,50.27,7.44,76.64
17.55,17.55,61.92,14.86,74.59
21.16,21.16,70.94,14.05,71.40
26.30,26.30,61.69,14.22,67.00
31.91,31.91,53.15,15.84,63.32
34.26,34.26,49.53,27.74,58.25
32.64,32.64,55.30,22.28,53.89
31.37,31.37,63.58,12.66,63.73
34.66,34.66,84.01,9.21,76.91
31.91,31.91,86.93,14.93,80.15
27.60,27.60,75.23,19.07,74.47
32.59,32.59,59.88,26.82,55.51
35.66,35.66,52.92,27.11,54.18
35.93,35.93,48.19,22.25,53.30
31.41,31.41,50.29,29.30,56.61
27.19,27.19,71.96,24.87,64.64
23.47,23.47,65.89,25.11,69.65
29.22,29.22,56.34,22.73,72.74
34.30,34.30,53.75,13.74,72.38
33.98,33.98,53.71,15.20,70.72
31.01,31.01,56.51,16.96,70.31
24.96,24.96,63.31,15.12,70.87
31.92,31.92,72.71,23.90,68.45
33.86,33.86,63.87,20.80,67.06
38.10,38.10,54.72,23.82,60.83
39.80,39.80,53.37,29.03,60.43
37.05,37.05,51.02,23.99,58.73
31.80,31.80,54.04,22.04,56.27
31.40,31.40,67.32,9.80,65.95
27.06,27.06,68.45,0.69,81.46
25.07,25.07,60.22,-0.00,81.82
30.57,30.57,55.51,0.00,79.84
27.44,27.44,51.89,0.05,77.82
23.06,23.06,59.30,0.76,76.72
25.48,25.48,69.73,0.00,74.78
30.09,30.09,85.05,8.56,82.51
27.62,27.62,83.99,16.88,83.55
29.67,29.67,73.13,26.57,70.94
38.25,38.25,59.97,28.81,60.73
38.02,38.02,52.46,22.35,52.57
34.44,34.44,50.32,35.03,50.78
33.25,33.25,56.91,36.44,56.75
27.89,27.89,72.78,41.69,60.89
31.71,31.71,65.40,44.53,61.01
39.30,39.30,59.65,42.82,60.33
43.92,43.92,56.89,41.80,56.60
43.02,43.02,52.09,28.18,58.14
31.90,31.90,48.71,27.91,57.07
27.32,27.32,61.06,11.25,62.95
26.13,26.13,70.03,1.79,80.79
27.01,27.01,63.31,0.58,82.27
29.85,29.85,59.89,1.95,77.78
30.58,30.58,58.37,4.77,76.69
29.91,29.91,56.12,4.32,76.40
20.92,20.92,55.58,6.85,75.61
22.36,22.36,69.21,13.69,75.49
19.37,19.37,67.45,13.91,73.45
21.93,21.93,57.84,19.97,73.71
27.06,27.06,50.51,18.38,73.41
29.03,29.03,53.53,7.68,73.46
27.81,27.81,59.58,3.29,70.21
33.73,33.73,72.01,0.64,66.67
33.46,33.46,88.71,3.54,76.59
27.22,27.22,85.27,10.12,77.21
33.90,33.90,70.40,11.88,68.01
43.54,43.54,58.70,14.71,60.72
48.27,48.27,47.96,12.35,53.00
45.53,45.53,44.45,8.46,53.31
36.54,36.54,55.39,6.19,56.69
24.05,24.05,68.88,6.66,76.90
27.79,27.79,63.40,1.30,77.57
33.40,33.40,63.64,2.03,78.13
37.12,37.12,62.71,4.25,78.03
37.26,37.26,59.72,6.10,76.34
32.68,32.68,57.90,8.64,77.44
27.51,27.51,67.53,10.57,75.23
33.91,33.91,68.94,11.61,74.64
38.37,38.37,60.51,16.98,73.73
40.92,40.92,49.71,13.74,72.10
42.49,42.49,47.19,12.48,73.86
39.98,39.98,48.40,16.63,73.27
43.12,43.12,52.07,9.85,73.85
51.39,51.39,71.07,14.62,72.74
55.78,55.78,67.53,17.01,71.03
62.22,62.22,57.13,21.17,66.73
66.92,66.92,52.05,19.73,64.66
74.01,74.01,58.19,23.34,61.80
74.53,74.53,63.28,19.88,60.25
77.01,77.01,67.25,9.52,67.02
75.59,75.59,81.56,4.74,83.55
77.93,77.93,77.99,3.86,78.48
79.29,79.29,64.19,7.11,73.96
79.15,79.15,54.31,6.25,69.31
79.13,79.13,51.14,6.80,66.37
78.55,78.55,57.41,17.20,65.91
76.95,76.95,63.26,27.66,69.60
76.67,76.67,64.73,35.97,73.95
73.53,73.53,61.83,33.52,74.29
72.02,72.02,57.89,41.36,73.15
70.81,70.81,55.91,36.85,71.72
71.03,71.03,58.73,43.58,71.09
67.38,67.38,62.56,30.41,69.05
66.95,66.95,73.58,16.16,74.98
63.90,63.90,73.42,1.10,80.19
62.88,62.88,70.96,1.92,74.75
61.92,61.92,67.60,6.95,73.34
62.34,62.34,66.31,17.79,78.17
57.75,57.75,65.70,12.82,69.45
55.50,55.50,66.14,21.37,73.01
57.68,57.68,72.07,26.56,72.18
53.96,53.96,66.58,30.00,68.94
51.42,51.42,58.65,37.79,67.96
50.32,50.32,51.13,43.73,70.23
52.94,52.94,52.00,42.98,68.78
53.64,53.64,56.51,27.83,61.64
54.25,54.25,66.19,21.26,52.88
52.97,52.97,91.16,19.12,53.14
48.39,48.39,80.38,24.16,56.08
45.65,45.65,66.86,30.38,58.55
45.31,45.31,52.87,30.00,46.67
48.33,48.33,49.68,38.14,45.93
47.60,47.60,50.16,43.39,46.41
50.04,50.04,62.68,46.55,60.88
50.19,50.19,67.18,42.58,59.02
50.25,50.25,57.75,39.47,70.71
50.42,50.42,47.34,35.39,66.83
55.62,55.62,46.45,34.90,68.32
50.70,50.70,50.36,36.56,71.66
49.73,49.73,54.22,40.34,66.13
50.18,50.18,70.72,37.89,71.46
52.86,52.86,67.53,40.02,65.04
53.57,53.57,57.12,40.69,59.29
54.01,54.01,49.72,45.53,57.47
53.38,53.38,47.18,47.82,52.47
50.57,50.57,50.08,44.47,55.92
43.77,43.77,55.50,27.34,60.23
41.43,41.43,72.20,17.04,78.47
38.73,38.73,68.10,5.54,71.76
36.95,36.95,63.62,9.67,76.32
38.64,38.64,62.58,6.69,75.15
36.80,36.80,60.89,11.23,65.84
29.77,29.77,70.90,3.67,72.48
33.92,33.92,76.87,12.66,69.14
33.68,33.68,89.44,20.50,75.69
32.86,32.86,77.26,29.38,66.01
35.09,35.09,62.13,35.52,64.97
37.82,37.82,55.25,31.35,47.59
37.75,37.75,50.91,40.78,47.63
38.61,38.61,51.50,44.53,47.23
35.33,35.33,66.81,49.37,58.04
37.68,37.68,67.24,49.94,51.02
43.08,43.08,59.80,52.27,55.94
47.96,47.96,56.78,43.95,52.90
50.67,50.67,55.90,51.61,51.46
44.13,44.13,57.31,40.99,50.23
41.66,41.66,63.82,33.57,58.71
41.00,41.00,79.75,23.73,76.34
38.00,38.00,73.26,13.72,75.83
36.17,36.17,71.15,15.27,79.86
39.69,39.69,67.89,21.37,70.10
42.30,42.30,66.34,25.03,77.78
38.24,38.24,66.43,22.92,70.38
34.21,34.21,66.87,29.90,67.62
33.84,33.84,71.97,29.32,75.55
33.97,33.97,64.25,28.14,63.41
40.43,40.43,59.75,30.90,73.21
42.85,42.85,56.33,29.46,70.75
40.48,40.48,57.23,30.52,63.07
38.76,38.76,72.47,21.53,65.92
42.64,42.64,74.44,16.21,59.08
51.51,51.51,89.96,21.78,65.59
60.43,60.43,75.59,21.48,55.95
61.16,61.16,62.93,25.33,59.20
47.42,47.42,50.62,28.90,46.21
44.57,44.57,46.73,35.57,41.91
43.08,43.08,47.43,35.47,46.27
52.01,52.01,67.54,30.31,59.52
52.23,52.23,68.85,14.25,74.88
57.19,57.19,64.19,17.54,70.92
52.60,52.60,58.10,19.54,79.80
48.82,48.82,54.76,17.06,70.34
45.71,45.71,53.54,26.54,71.04
44.38,44.38,56.36,20.38,72.25
54.09,54.09,75.59,28.40,66.55
54.95,54.95,70.31,25.61,74.22
59.01,59.01,66.91,32.64,69.20
57.11,57.11,60.22,33.09,66.92
57.50,57.50,56.67,31.21,71.51
55.33,55.33,56.60,32.72,64.28
56.89,56.89,66.51,35.59,70.03
60.95,60.95,73.91,35.64,64.09
64.69,64.69,66.51,39.48,63.22
65.85,65.85,60.97,41.43,59.92
53.73,53.73,49.97,44.22,51.09
50.49,50.49,54.05,43.42,46.27
45.99,45.99,58.06,33.02,41.32
50.23,50.23,79.79,26.98,40.21
47.71,47.71,89.47,25.04,40.30
45.85,45.85,74.99,27.81,48.80
55.02,55.02,60.08,29.66,48.91
54.44,54.44,52.87,37.59,34.87
55.99,55.99,47.78,39.05,37.93
56.72,56.72,51.52,34.60,29.25
62.71,62.71,69.16,39.62,23.01
62.65,62.65,64.16,44.69,25.13
67.23,67.23,56.06,41.76,34.98
68.64,68.64,53.02,50.51,37.51
69.42,69.42,51.63,41.66,41.84
70.83,70.83,54.00,39.77,50.32
68.02,68.02,58.60,27.13,54.53
70.56,70.56,69.76,15.11,78.99
69.99,69.99,62.30,11.28,76.40
67.78,67.78,52.98,11.76,72.67
69.09,69.09,50.92,15.12,79.24
67.97,67.97,52.90,21.42,73.17
68.73,68.73,55.61,25.35,70.83
69.64,69.64,64.63,26.74,75.04
69.65,69.65,68.54,29.59,64.97
68.90,68.90,60.36,31.28,65.53
69.54,69.54,52.84,35.23,57.21
69.66,69.66,53.58,39.61,49.84
68.49,68.49,58.13,35.80,53.64
67.43,67.43,58.69,25.95,47.56
62.82,62.82,82.88,23.55,60.33
53.56,53.56,87.84,16.30,65.44
50.16,50.16,72.26,24.69,65.76
49.62,49.62,56.14,29.11,53.68
50.56,50.56,48.32,36.36,47.72
51.23,51.23,48.53,36.03,50.44
55.77,55.77,48.04,30.55,55.55
62.76,62.76,69.84,28.20,67.46
62.18,62.18,60.90,24.79,63.25
66.09,66.09,52.20,27.54,70.23
67.35,67.35,50.12,27.66,72.36
67.71,67.71,52.68,24.21,67.50
70.41,70.41,55.05,24.43,72.43
68.95,68.95,63.15,28.38,71.48
68.36,68.36,70.33,24.79,63.09
66.91,66.91,61.69,31.97,65.69
68.11,68.11,53.79,36.48,55.08
69.56,69.56,51.23,35.80,50.16
67.74,67.74,52.88,37.72,49.83
68.46,68.46,55.92,31.83,52.99
67.38,67.38,68.68,22.74,59.30
67.59,67.59,73.03,12.80,82.37
66.53,66.53,65.14,18.22,74.68
66.65,66.65,57.25,20.47,77.57
67.98,67.98,55.12,17.89,77.54
67.55,67.55,60.02,13.08,71.87
65.24,65.24,68.57,12.47,74.15
62.72,62.72,84.47,21.16,80.42
55.82,55.82,84.51,22.59,79.98
51.96,51.96,70.80,25.21,70.58
48.07,48.07,54.99,26.50,59.10
50.25,50.25,49.02,30.03,50.00
51.90,51.90,48.36,34.45,47.75
56.77,56.77,56.18,39.22,53.32
62.97,62.97,69.83,44.75,52.31
62.18,62.18,60.69,43.04,60.21
65.92,65.92,52.89,40.64,55.77
67.20,67.20,50.54,49.22,52.42
68.16,68.16,52.33,42.27,51.80
66.52,66.52,54.64,42.31,54.18
67.83,67.83,65.78,27.78,62.39
67.87,67.87,72.05,25.44,77.59
64.74,64.74,61.64,22.53,73.98
65.08,65.08,57.95,20.84,79.92
64.68,64.68,53.85,25.11,72.10
65.93,65.93,53.05,26.75,72.01
66.38,66.38,55.66,27.63,74.98
65.43,65.43,69.76,29.54,68.41
63.51,63.51,66.75,31.12,70.19
65.06,65.06,57.23,26.60,71.78
66.17,66.17,51.96,24.79,68.44
65.71,65.71,53.84,18.07,72.08
65.54,65.54,65.59,16.24,67.00
63.51,63.51,64.78,8.92,57.35
58.79,58.79,89.56,11.84,69.55
49.80,49.80,85.17,12.64,67.37
49.19,49.19,67.65,12.33,66.26
47.67,47.67,54.10,24.02,45.92
46.45,46.45,49.46,37.15,44.65
48.51,48.51,50.62,34.55,48.85
50.93,50.93,57.97,25.41,53.80
56.43,56.43,68.19,25.50,76.32
54.38,54.38,61.88,20.19,73.49
58.79,58.79,52.17,20.80,73.89
60.19,60.19,50.60,20.12,80.28
62.33,62.33,51.42,25.31,72.74
59.85,59.85,54.81,23.79,73.65
57.84,57.84,67.58,27.61,74.81
59.00,59.00,66.89,28.67,68.61
59.63,59.63,57.91,21.89,74.44
61.27,61.27,49.35,26.39,73.53
58.03,58.03,50.28,27.18,66.71
58.18,58.18,56.29,29.65,72.68
54.33,54.33,55.13,29.52,69.48
57.85,57.85,72.10,31.42,67.95
59.46,59.46,67.68,32.78,70.64
60.44,60.44,58.47,35.15,65.56
67.39,67.39,56.50,35.41,63.02
73.95,73.95,60.91,35.36,61.25
74.51,74.51,63.17,25.14,59.62
76.57,76.57,68.19,24.61,66.60
74.04,74.04,85.84,18.64,81.98
75.99,75.99,80.15,11.28,74.76
78.82,78.82,64.54,19.16,74.36
78.53,78.53,57.48,18.84,72.18
77.35,77.35,57.33,25.31,70.25
76.74,76.74,60.45,27.86,71.28
77.96,77.96,64.62,30.50,71.92
76.61,76.61,65.25,38.06,70.97
76.52,76.52,63.14,38.39,71.04
72.71,72.71,60.93,43.94,69.08
73.46,73.46,61.27,34.09,69.58
72.23,72.23,63.83,31.05,69.82
69.98,69.98,67.49,19.77,66.65
68.77,68.77,79.26,11.03,71.65
66.17,66.17,79.85,6.96,80.05
65.03,65.03,75.33,2.15,77.78
70.39,70.39,69.83,8.53,77.49
65.21,65.21,66.69,14.69,76.45
62.87,62.87,62.50,23.01,73.66
67.36,67.36,58.59,23.33,74.32
68.15,68.15,71.21,21.93,71.43
61.77,61.77,62.99,19.12,68.04
67.48,67.48,55.49,34.52,62.85
66.57,66.57,48.49,39.93,55.52
62.63,62.63,54.13,35.88,47.41
62.81,62.81,58.65,26.91,47.25
60.85,60.85,69.36,13.66,54.30
53.34,53.34,91.44,11.91,63.66
46.42,46.42,78.16,14.91,64.42
45.30,45.30,68.20,22.87,60.09
46.47,46.47,53.04,31.28,50.75
47.18,47.18,52.38,43.65,49.45
46.06,46.06,49.71,36.78,55.54
48.51,48.51,60.96,32.85,63.00
46.86,46.86,65.03,34.16,67.56
48.67,48.67,57.46,30.81,69.86
50.93,50.93,48.38,32.26,73.44
51.51,51.51,48.30,30.39,73.42
46.16,46.16,51.78,28.27,71.42
44.44,44.44,59.76,28.49,71.05
48.51,48.51,81.06,30.57,68.68
44.93,44.93,79.82,38.16,66.04
39.49,39.49,74.22,40.45,59.37
46.66,46.66,69.95,47.29,52.50
48.34,48.34,64.95,46.20,51.39
43.92,43.92,60.74,38.52,50.88
39.46,39.46,59.43,28.51,54.71
38.56,38.56,71.54,24.29,74.61
34.85,34.85,67.29,10.43,80.33
37.42,37.42,65.54,12.87,79.19
39.08,39.08,63.15,14.11,76.67
40.03,40.03,63.14,15.15,75.61
35.07,35.07,67.26,12.13,69.21
36.47,36.47,78.97,9.60,75.70
35.14,35.14,88.00,26.23,82.11
34.72,34.72,77.23,28.80,76.18
38.61,38.61,62.20,33.39,63.73
40.95,40.95,54.31,31.37,51.90
41.10,41.10,45.68,33.79,43.66
38.33,38.33,49.69,45.40,52.46
39.37,39.37,66.07,45.20,57.20
40.83,40.83,65.93,49.72,60.68
43.56,43.56,61.31,48.16,59.79
48.22,48.22,58.99,48.13,55.98
46.95,46.95,55.17,42.47,50.21
43.55,43.55,55.15,44.64,46.39
31.03,31.03,57.31,38.44,48.38
30.41,30.41,83.79,21.65,68.10
33.33,33.33,81.62,25.47,79.54
38.04,38.04,74.43,19.92,77.03
40.26,40.26,70.96,31.52,75.36
41.56,41.56,66.91,34.91,74.77
39.49,39.49,62.82,36.95,74.19
38.87,38.87,64.48,35.91,73.51
41.58,41.58,69.63,33.44,72.06
38.85,38.85,61.44,32.76,71.51
44.98,44.98,56.45,22.68,70.65
49.45,49.45,52.63,23.08,71.36
59.31,59.31,50.48,23.24,68.42
60.67,60.67,61.24,25.45,67.37
72.55,72.55,71.88,20.17,71.34
78.96,78.96,77.96,18.50,84.70
75.01,75.01,69.27,29.10,70.73
75.47,75.47,56.64,32.92,68.11
74.21,74.21,53.54,19.49,65.97
74.42,74.42,55.73,25.22,67.86
73.58,73.58,59.89,22.82,70.62
73.18,73.18,66.25,24.50,72.52
72.62,72.62,63.31,22.12,76.84
71.33,71.33,58.24,24.26,77.00
72.08,72.08,55.79,26.47,76.99
75.39,75.39,60.63,27.65,78.24
75.16,75.16,64.60,25.29,75.58
72.61,72.61,69.61,19.66,73.50
72.43,72.43,83.66,12.36,71.46
75.64,75.64,77.61,17.26,70.54
77.85,77.85,73.02,30.63,71.89
78.87,78.87,67.74,38.41,71.22
78.68,78.68,64.04,39.44,72.96
77.30,77.30,63.57,34.91,71.82
76.69,76.69,67.55,29.15,71.57
77.20,77.20,66.91,29.78,70.84
73.82,73.82,59.95,34.68,66.78
70.98,70.98,54.29,37.29,65.22
69.01,69.01,52.95,33.77,64.06
70.44,70.44,53.78,24.52,62.72
71.60,71.60,62.28,13.52,59.94
75.88,75.88,80.90,3.41,66.08
75.53,75.53,87.99,-0.00,59.12
75.34,75.34,70.11,6.91,61.43
75.83,75.83,59.42,19.60,57.72
78.73,78.73,54.98,24.45,54.07
78.95,78.95,58.35,28.89,53.00
79.94,79.94,60.10,34.33,54.82
78.54,78.54,66.20,41.36,58.72
78.17,78.17,60.59,34.55,62.19
76.76,76.76,55.06,34.67,66.91
78.08,78.08,51.77,30.81,68.16
78.54,78.54,56.61,33.93,69.20
79.02,79.02,63.23,31.93,69.77
75.97,75.97,70.09,20.06,69.24
74.74,74.74,81.79,16.85,74.85
72.27,72.27,76.80,15.55,76.34
69.31,69.31,71.17,19.39,76.95
68.32,68.32,66.92,14.00,74.03
65.88,65.88,63.77,7.03,72.90
64.80,64.80,61.71,5.66,70.17
66.32,66.32,67.18,21.85,70.53
66.13,66.13,65.37,22.41,70.87
60.50,60.50,57.17,27.56,66.30
65.33,65.33,53.30,33.18,57.40
61.67,61.67,53.20,31.67,54.52
55.82,55.82,53.15,36.11,47.55
54.24,54.24,55.90,23.48,47.58
59.88,59.88,84.41,22.45,56.53
60.02,60.02,87.19,22.56,63.17
56.51,56.51,71.10,30.11,64.66
51.37,51.37,60.34,34.50,55.74
52.70,52.70,49.52,36.92,40.54
50.98,50.98,49.70,31.00,46.23
51.00,51.00,52.17,36.45,57.00
56.59,56.59,70.05,39.50,62.41
56.34,56.34,61.24,35.36,66.17
57.29,57.29,51.65,32.01,69.54
61.32,61.32,50.46,31.38,70.52
58.38,58.38,57.93,34.96,72.23
53.38,53.38,60.51,34.92,69.76
52.27,52.27,70.83,35.75,68.25
54.14,54.14,84.67,36.18,65.44
50.09,50.09,77.28,42.72,63.13
52.44,52.44,71.35,42.90,59.24
55.07,55.07,67.25,37.73,53.12
58.10,58.10,63.49,45.14,53.68
52.01,52.01,58.66,35.65,55.46
51.50,51.50,67.77,31.16,68.31
51.24,51.24,66.77,16.23,78.87
48.03,48.03,59.96,16.03,78.53
50.32,50.32,55.44,18.21,76.69
50.66,50.66,51.43,17.71,76.80
57.04,57.04,60.88,13.52,75.22
63.45,63.45,69.56,10.98,65.02
74.57,74.57,85.22,12.28,81.05
75.08,75.08,82.58,9.20,76.07
76.07,76.07,69.21,17.37,72.88
76.42,76.42,54.04,20.85,63.23
78.48,78.48,51.95,31.79,62.95
78.28,78.28,57.92,27.06,61.89
78.23,78.23,62.36,26.29,61.61
78.30,78.30,63.85,28.74,64.16
76.93,76.93,59.10,24.78,66.80
77.53,77.53,53.07,22.93,69.00
77.28,77.28,54.03,32.68,69.21
78.47,78.47,60.53,39.87,68.38
76.19,76.19,65.55,34.33,67.25
74.72,74.72,76.07,15.75,69.74
72.50,72.50,82.00,3.97,76.72
71.37,71.37,76.08,7.19,78.11
68.94,68.94,71.49,6.45,77.64
70.07,70.07,66.93,5.04,75.63
72.01,72.01,64.49,4.71,72.33
69.77,69.77,62.43,10.63,71.73
69.27,69.27,70.25,16.44,71.25
65.36,65.36,65.05,19.68,71.37
60.53,60.53,56.52,16.82,71.63
59.20,59.20,51.25,19.77,69.19
56.40,56.40,52.21,18.31,66.53
54.68,54.68,65.16,13.09,66.96
56.26,56.26,66.35,2.62,68.32
58.04,58.04,90.54,4.40,68.61
64.45,64.45,82.81,9.05,67.46
59.24,59.24,68.27,21.15,65.82
51.15,51.15,53.78,31.56,55.72
50.21,50.21,46.97,26.75,47.82
48.94,48.94,48.38,35.02,51.19
48.19,48.19,57.65,28.35,57.33
50.30,50.30,67.64,20.36,73.04
51.30,51.30,59.89,16.31,75.90
52.16,52.16,53.98,16.66,77.28
52.95,52.95,52.32,16.62,77.90
49.10,49.10,55.50,19.02,75.67
48.10,48.10,59.71,22.23,72.73
48.36,48.36,77.09,27.12,71.68
46.40,46.40,80.80,26.50,70.56
47.39,47.39,75.86,29.70,71.86
49.88,49.88,70.55,26.50,71.06
51.99,51.99,64.71,24.35,70.96
52.75,52.75,61.20,23.51,70.16
52.57,52.57,58.62,26.07,68.86
59.68,59.68,70.18,23.12,68.62
65.83,65.83,63.42,23.46,67.15
66.23,66.23,53.77,33.80,61.78
72.06,72.06,51.34,25.68,57.66
75.38,75.38,54.51,27.74,51.24
76.89,76.89,58.99,21.99,54.50
78.25,78.25,68.02,19.73,64.68
75.74,75.74,86.90,20.75,78.64
78.88,78.88,77.76,19.39,71.97
78.84,78.84,60.00,9.29,71.72
79.18,79.18,56.90,15.88,69.04
79.24,79.24,57.95,18.95,68.62
78.55,78.55,59.96,20.50,69.21
77.72,77.72,63.56,21.29,68.39
75.99,75.99,63.24,26.82,66.16
76.19,76.19,62.92,32.32,67.90
74.00,74.00,62.91,34.14,65.69
72.86,72.86,63.11,31.84,64.96
74.51,74.51,64.61,27.09,62.64
70.24,70.24,66.42,16.51,58.97
72.93,72.93,79.48,15.24,67.84
71.79,71.79,79.18,10.18,82.38
69.65,69.65,73.30,4.96,70.48
69.42,69.42,67.38,14.68,75.81
70.70,70.70,63.61,15.07,74.07
72.50,72.50,58.62,21.38,67.18
70.62,70.62,59.62,26.59,76.80
71.46,71.46,68.88,25.55,66.42
71.66,71.66,60.47,29.29,63.85
72.90,72.90,52.82,27.74,61.14
73.27,73.27,47.80,39.36,51.15
70.47,70.47,51.13,35.75,44.19
72.71,72.71,56.80,29.54,47.79
69.29,69.29,70.71,30.12,55.03
60.16,60.16,90.52,31.83,57.73
56.80,56.80,77.96,30.91,53.13
52.57,52.57,62.54,32.41,58.05
51.92,51.92,51.48,30.65,48.52
51.92,51.92,43.69,35.89,39.72
54.69,54.69,48.38,35.48,51.32
58.81,58.81,63.86,33.64,57.14
62.51,62.51,63.78,36.26,70.17
65.86,65.86,54.93,30.04,63.24
68.15,68.15,50.41,26.86,70.45
69.13,69.13,53.02,30.92,70.04
68.59,68.59,57.26,27.86,65.29
67.03,67.03,60.57,34.37,74.73
70.48,70.48,81.86,35.05,63.41
66.66,66.66,79.89,39.24,64.92
69.69,69.69,73.93,37.53,59.66
67.08,67.08,67.87,39.68,48.99
67.56,67.56,64.09,39.29,51.87
67.98,67.98,59.51,34.15,48.84
67.38,67.38,62.55,28.58,60.46
66.68,66.68,70.46,21.13,82.37
66.19,66.19,64.36,17.05,74.67
66.62,66.62,58.85,12.53,77.72
65.98,65.98,55.91,15.52,75.54
66.78,66.78,55.73,17.00,68.03
64.11,64.11,68.22,19.44,74.30
62.61,62.61,76.39,25.33,70.47
55.43,55.43,88.76,28.36,77.94
52.55,52.55,75.87,33.80,68.74
50.93,50.93,60.55,36.65,58.50
49.57,49.57,52.63,30.00,46.75
51.57,51.57,49.49,27.47,40.41
52.68,52.68,51.26,35.61,44.01
60.27,60.27,67.02,41.03,53.09
66.90,66.90,64.91,42.25,52.49
69.83,69.83,60.49,43.53,54.41
67.85,67.85,56.09,42.80,49.57
68.18,68.18,58.17,36.77,51.02
64.74,64.74,59.79,36.42,54.32
63.84,63.84,64.04,28.29,58.86
66.58,66.58,83.96,22.25,73.13
61.10,61.10,79.00,16.69,72.50
64.80,64.80,73.18,16.45,74.66
62.53,62.53,66.34,21.94,75.12
63.21,63.21,62.86,27.26,67.47
64.74,64.74,58.63,24.14,74.36
65.40,65.40,62.03,29.96,68.38
70.90,70.90,67.80,24.14,68.77
71.42,71.42,60.05,31.02,72.01
72.13,72.13,53.49,32.94,64.51
73.64,73.64,53.87,27.91,70.50
75.12,75.12,58.03,21.39,67.13
77.70,77.70,61.94,14.22,63.38
78.36,78.36,71.50,19.74,74.80
77.92,77.92,78.89,20.41,83.94
80.81,80.81,65.96,11.01,72.27
78.78,78.78,57.34,19.28,65.55
78.66,78.66,56.04,17.38,65.97
77.76,77.76,55.36,18.96,64.89
76.33,76.33,57.55,19.35,65.84
77.56,77.56,63.75,24.31,69.65
77.60,77.60,60.14,18.78,68.78
74.25,74.25,55.66,12.48,78.85
72.03,72.03,53.44,13.10,74.29
71.04,71.04,58.94,16.15,70.66
68.49,68.49,64.51,18.94,75.49
65.72,65.72,69.91,20.68,65.88
66.31,66.31,83.12,18.74,71.41
64.80,64.80,77.82,24.44,66.17
64.29,64.29,71.41,28.98,62.39
64.68,64.68,65.69,31.53,71.07
66.19,66.19,63.74,33.33,63.48
64.44,64.44,59.80,29.52,68.65
66.34,66.34,65.95,35.26,68.41
64.63,64.63,65.17,37.99,57.17
64.62,64.62,58.36,36.98,61.93
65.31,65.31,51.31,39.46,50.36
64.49,64.49,48.13,39.42,44.62
65.43,65.43,48.62,42.54,48.86
62.27,62.27,51.14,31.65,54.53
67.81,67.81,61.37,19.57,62.39
72.03,72.03,59.48,21.52,66.85
75.25,75.25,58.44,29.38,69.17
77.69,77.69,51.18,30.98,68.46
79.32,79.32,52.07,29.12,68.51
78.78,78.78,56.08,25.40,66.84
76.68,76.68,61.36,28.32,64.61
77.19,77.19,67.10,26.79,64.61
80.16,80.16,60.95,23.05,66.67
78.74,78.74,55.41,17.58,68.20
77.97,77.97,54.63,19.68,70.91
80.33,80.33,60.88,21.64,69.73
77.70,77.70,66.12,25.70,71.29
75.74,75.74,72.80,25.30,70.32
75.61,75.61,82.09,22.29,74.23
73.92,73.92,77.48,20.69,79.47
73.12,73.12,71.96,26.78,72.74
74.37,74.37,67.19,17.16,72.20
74.23,74.23,63.73,21.51,75.25
73.84,73.84,62.76,33.90,72.46
70.99,70.99,68.67,30.02,71.12
73.32,73.32,66.02,30.35,66.72
71.91,71.91,56.73,26.70,58.34
72.34,72.34,49.84,29.23,58.42
68.58,68.58,45.41,40.45,43.85
71.76,71.76,48.45,42.05,42.55
70.66,70.66,52.79,41.67,44.15
59.97,59.97,65.38,37.54,39.10
57.17,57.17,59.43,33.11,32.85
59.26,59.26,46.32,41.61,33.03
56.37,56.37,35.63,37.38,34.92
54.84,54.84,36.92,43.16,41.14
54.03,54.03,40.63,44.55,54.43
58.37,58.37,48.40,37.19,56.47
63.21,63.21,69.20,32.95,69.99
62.56,62.56,59.13,29.62,67.05
64.65,64.65,47.39,27.54,68.47
67.81,67.81,46.08,31.99,76.00
65.96,65.96,54.62,29.76,69.20
61.67,61.67,59.89,33.24,68.68
60.56,60.56,73.67,34.66,72.77
64.79,64.79,83.51,35.80,61.65
63.35,63.35,77.54,35.83,61.71
63.12,63.12,71.09,38.45,59.53
63.78,63.78,66.81,35.77,55.29
66.06,66.06,62.59,40.00,57.09
65.08,65.08,59.45,35.80,54.13
66.66,66.66,69.90,26.33,65.76
72.68,72.68,73.71,26.84,80.57
70.66,70.66,62.63,21.23,76.87
69.07,69.07,53.02,25.90,71.27
70.27,70.27,54.14,21.92,77.97
67.89,67.89,59.45,22.75,67.01
66.34,66.34,59.32,15.24,70.64
70.31,70.31,64.61,15.31,64.39
73.21,73.21,59.05,22.31,65.49
77.64,77.64,54.27,21.60,67.92
77.85,77.85,52.23,28.35,66.25
79.34,79.34,51.77,33.65,66.88
80.21,80.21,58.86,32.85,66.43
78.47,78.47,62.91,28.13,64.85
76.92,76.92,65.05,22.81,64.87
78.13,78.13,59.09,17.35,64.56
77.35,77.35,54.20,20.74,63.74
79.49,79.49,50.90,28.35,65.61
78.30,78.30,58.19,29.97,63.81
78.87,78.87,65.98,25.31,62.30
77.86,77.86,77.75,29.29,64.74
75.63,75.63,81.16,26.21,81.65
73.97,73.97,75.74,23.45,75.22
75.22,75.22,70.64,19.78,75.73
75.11,75.11,66.53,18.11,78.39
75.35,75.35,63.22,22.23,69.96
73.95,73.95,63.38,25.36,72.00
71.16,71.16,70.90,23.22,72.97
68.11,68.11,64.61,25.05,64.54
67.06,67.06,58.59,19.37,72.15
66.75,66.75,56.04,22.40,69.22
63.47,63.47,59.04,19.98,65.38
61.62,61.62,62.64,16.97,71.01
61.51,61.51,68.74,27.43,60.13
61.08,61.08,78.17,23.81,62.48
62.19,62.19,82.02,29.27,64.93
61.50,61.50,83.45,22.76,68.34
61.56,61.56,78.51,25.92,69.43
62.48,62.48,70.43,28.41,68.46
66.07,66.07,66.35,35.36,68.27
68.71,68.71,62.71,40.29,70.31
69.82,69.82,57.80,38.93,69.37
71.08,71.08,56.14,28.85,68.22
70.20,70.20,50.69,28.98,68.37
69.46,69.46,50.25,29.28,69.29
68.99,68.99,51.97,26.03,69.17
69.46,69.46,55.74,27.12,69.54
65.99,65.99,51.70,26.22,70.00
58.64,58.64,48.64,26.59,61.01
56.61,56.61,46.51,35.19,56.50
50.63,50.63,42.32,43.36,51.89
40.11,40.11,41.59,39.91,45.68
33.47,33.47,23.41,29.03,32.32
22.48,22.48,17.09,17.96,18.57
5.36,5.36,8.97,11.44,2.26
0.63,0.63,1.30,1.10,0.10
9.45,9.45,8.16,4.49,7.48
22.05,22.05,22.41,16.27,13.24
36.50,36.50,34.15,17.55,32.13
51.23,51.23,53.26,21.39,47.84
68.92,68.92,69.42,34.33,63.67
77.62,77.62,89.37,34.45,67.48
75.93,75.93,72.95,29.16,61.30
77.07,77.07,61.84,28.23,65.04
78.26,78.26,56.75,21.55,61.99
78.87,78.87,56.70,25.59,62.96
78.31,78.31,60.09,28.52,62.06
77.88,77.88,66.13,30.36,65.74
79.24,79.24,65.09,33.07,65.47
80.38,80.38,60.28,35.31,65.48
80.46,80.46,57.27,35.96,62.46
81.11,81.11,59.61,37.90,63.88
80.12,80.12,63.02,30.58,64.06
76.84,76.84,66.46,29.61,67.24
80.92,80.92,80.45,23.69,78.90
83.33,83.33,77.27,25.95,81.68
82.75,82.75,71.36,22.36,82.15
81.77,81.77,66.13,17.11,80.28
82.18,82.18,62.04,24.20,79.60
81.46,81.46,61.56,28.79,78.14
79.45,79.45,61.73,25.68,77.57
75.57,75.57,69.08,24.95,73.34
74.32,74.32,60.65,30.99,65.06
67.78,67.78,54.08,21.36,60.69
71.10,71.10,51.52,28.91,58.18
71.63,71.63,57.78,31.32,54.20
69.97,69.97,63.34,21.41,57.31
73.22,73.22,75.12,20.36,60.72
73.84,73.84,90.04,10.72,58.38
76.46,76.46,82.81,0.42,57.38
75.63,75.63,80.90,10.23,58.51
71.36,71.36,74.07,13.85,56.11
64.22,64.22,68.20,22.75,58.69
65.96,65.96,64.82,27.13,63.00
67.03,67.03,67.95,28.83,70.83
63.04,63.04,65.49,31.76,75.76
61.65,61.65,58.93,30.18,76.60
60.84,60.84,54.81,29.58,76.24
57.96,57.96,55.76,30.66,71.52
55.13,55.13,60.77,28.39,72.49
49.90,49.90,63.70,29.77,68.27
53.42,53.42,83.71,29.90,68.62
50.84,50.84,79.53,31.14,65.96
53.35,53.35,74.15,30.40,65.83
55.05,55.05,68.35,40.25,65.70
53.63,53.63,64.04,34.30,65.44
53.63,53.63,61.96,32.80,66.70
58.57,58.57,63.78,27.39,69.99
60.95,60.95,66.97,25.96,87.36
57.49,57.49,58.82,14.40,85.43
54.36,54.36,52.53,17.25,84.07
58.22,58.22,51.80,19.11,83.83
58.79,58.79,58.30,18.04,83.90
57.36,57.36,69.04,14.68,81.14
51.92,51.92,78.97,16.94,75.04
48.58,48.58,89.47,14.42,71.33
46.55,46.55,75.26,23.35,66.42
44.33,44.33,65.01,27.81,62.37
46.48,46.48,62.68,27.27,64.78
49.80,49.80,62.73,33.71,68.63
51.08,51.08,65.34,38.87,69.34
48.64,48.64,70.03,40.92,70.11
45.79,45.79,66.47,38.07,68.77
45.73,45.73,63.45,37.05,72.07
46.87,46.87,63.03,34.58,75.17
47.68,47.68,63.02,40.65,74.01
44.42,44.42,64.87,35.22,75.47
41.71,41.71,69.30,27.47,72.96
44.58,44.58,81.61,23.09,85.58
44.35,44.35,78.18,26.51,86.92
43.81,43.81,72.04,30.07,86.44
46.77,46.77,68.21,33.78,85.27
49.55,49.55,64.46,35.34,83.66
50.24,50.24,62.80,34.94,83.12
53.93,53.93,66.36,34.81,82.00
57.17,57.17,69.15,32.08,80.76
67.19,67.19,60.91,24.76,78.49
62.82,62.82,54.21,15.44,75.78
72.19,72.19,54.23,13.80,74.58
73.24,73.24,61.49,13.42,70.80
71.06,71.06,69.85,1.87,67.52
75.88,75.88,82.31,3.74,65.69
72.58,72.58,87.94,14.07,64.03
77.17,77.17,83.67,18.19,64.60
76.73,76.73,80.57,16.26,65.01
75.66,75.66,74.27,8.75,66.39
76.07,76.07,66.96,7.19,67.06
78.19,78.19,63.24,7.68,67.40
79.35,79.35,65.43,7.94,76.43
78.74,78.74,59.01,20.01,82.81
79.13,79.13,52.89,23.48,85.25
79.01,79.01,48.85,20.24,84.14
78.04,78.04,55.28,19.75,83.11
77.30,77.30,63.69,22.27,80.61
76.05,76.05,69.28,20.60,79.19
73.30,73.30,83.23,13.16,79.32
71.75,71.75,77.87,10.71,78.74
67.54,67.54,72.56,17.97,77.12
65.59,65.59,68.04,21.02,73.47
66.65,66.65,64.87,23.21,75.03
68.32,68.32,63.18,23.76,74.45
69.29,69.29,67.50,21.50,74.69
68.02,68.02,67.27,18.10,74.27
64.76,64.76,59.67,23.45,70.16
64.78,64.78,51.77,26.15,66.79
66.09,66.09,48.25,27.26,67.23
64.65,64.65,55.22,22.07,69.28
64.21,64.21,66.34,14.36,72.63
66.17,66.17,82.74,9.39,80.77
63.37,63.37,87.01,7.43,77.42
67.83,67.83,68.54,2.70,77.22
66.70,66.70,58.97,9.81,74.60
68.35,68.35,52.23,12.05,72.66
67.95,67.95,58.35,23.02,72.30
67.81,67.81,63.32,23.72,72.08
68.86,68.86,69.19,27.95,70.71
69.29,69.29,63.86,27.81,67.99
72.14,72.14,58.66,25.67,63.88
69.48,69.48,54.46,24.81,64.99
68.12,68.12,59.85,13.29,62.75
67.42,67.42,62.19,11.65,60.31
67.51,67.51,71.03,7.86,68.94
75.32,75.32,79.17,5.95,86.69
72.59,72.59,73.33,6.36,87.17
72.78,72.78,68.19,6.80,85.42
70.89,70.89,63.85,6.24,83.51
69.68,69.68,60.28,4.38,82.11
69.39,69.39,58.69,8.99,79.62
67.56,67.56,69.19,11.84,80.28
58.59,58.59,65.90,11.86,70.00
57.44,57.44,56.52,17.00,63.27
59.43,59.43,46.67,29.81,56.57
54.97,54.97,48.26,29.74,53.24
58.07,58.07,58.89,23.94,54.31
58.06,58.06,63.11,10.15,53.71
68.21,68.21,89.68,0.12,63.96
65.92,65.92,85.00,0.10,63.15
68.96,68.96,83.45,5.29,63.75
64.88,64.88,80.15,9.87,60.73
63.87,63.87,70.91,17.26,59.31
58.71,58.71,64.68,21.75,66.14
57.01,57.01,62.41,26.29,70.44
55.38,55.38,66.17,26.25,73.40
57.05,57.05,58.61,23.93,77.03
57.09,57.09,50.20,14.23,75.32
54.22,54.22,48.82,11.84,76.20
50.03,50.03,52.11,11.46,73.41
46.24,46.24,57.26,11.71,73.60
46.78,46.78,72.93,17.75,70.09
49.89,49.89,82.48,21.56,69.15
46.85,46.85,75.62,23.94,65.37
49.41,49.41,70.25,27.55,60.64
49.39,49.39,66.00,31.56,59.72
48.87,48.87,60.99,30.71,57.70
52.20,52.20,57.37,23.75,60.91
65.46,65.46,67.14,11.88,80.21
66.17,66.17,62.44,6.05,88.56
61.91,61.91,52.02,9.22,86.76
60.31,60.31,42.95,12.23,84.86
60.39,60.39,50.91,10.44,82.59
62.12,62.12,60.52,4.27,82.46
60.49,60.49,72.79,0.21,79.93
52.30,52.30,89.47,2.87,73.04
46.02,46.02,82.45,4.54,64.25
47.94,47.94,68.31,18.80,60.85
49.97,49.97,56.07,20.96,58.93
50.39,50.39,52.43,33.16,58.07
50.46,50.46,52.93,39.10,59.28
52.08,52.08,63.11,40.41,60.49
54.69,54.69,68.60,42.58,60.84
53.92,53.92,62.02,43.13,59.73
55.68,55.68,56.19,48.55,58.73
55.51,55.51,54.07,46.45,59.34
52.64,52.64,54.68,37.57,60.35
49.95,49.95,55.00,28.11,58.77
56.81,56.81,75.56,20.80,75.60
59.33,59.33,80.34,15.31,83.73
55.92,55.92,75.79,20.70,85.40
54.34,54.34,69.05,25.39,84.84
54.44,54.44,64.29,21.29,82.88
54.10,54.10,60.23,30.26,80.85
55.69,55.69,57.79,33.34,80.48
53.34,53.34,71.80,30.80,79.56
51.64,51.64,64.53,26.26,79.30
54.42,54.42,53.61,27.40,75.57
49.79,49.79,48.86,20.77,73.15
46.52,46.52,58.40,21.25,70.12
47.55,47.55,67.38,11.10,65.94
52.34,52.34,74.14,1.80,62.63
54.24,54.24,91.16,0.03,56.57
57.07,57.07,85.65,0.06,53.80
57.78,57.78,83.04,5.49,55.07
52.25,52.25,78.22,18.31,51.65
47.35,47.35,71.18,24.53,49.98
44.88,44.88,63.99,18.05,49.18
46.21,46.21,65.20,22.91,63.10
49.74,49.74,64.05,18.51,81.61
47.59,47.59,54.01,14.54,82.59
46.44,46.44,47.06,18.84,83.49
46.71,46.71,47.05,21.57,84.59
43.65,43.65,53.80,22.00,83.81
41.17,41.17,59.75,19.65,81.43
40.91,40.91,79.76,18.91,77.56
38.68,38.68,80.99,20.58,77.25
39.51,39.51,75.61,19.27,77.84
37.35,37.35,69.66,20.39,75.83
36.67,36.67,66.23,21.56,71.66
34.31,34.31,59.89,24.09,70.99
34.53,34.53,58.51,22.30,71.71
37.71,37.71,71.96,23.80,69.96
37.30,37.30,64.46,32.85,66.90
41.65,41.65,53.91,37.60,64.45
46.53,46.53,49.68,38.00,59.46
45.15,45.15,49.75,43.85,51.67
49.48,49.48,57.31,29.91,51.83
61.94,61.94,69.39,21.48,62.50
69.10,69.10,90.04,17.41,63.03
73.61,73.61,75.16,10.36,62.40
75.63,75.63,63.05,11.91,62.05
78.18,78.18,57.00,16.63,63.93
78.84,78.84,57.06,16.52,62.21
78.11,78.11,60.79,17.21,63.13
76.98,76.98,67.73,21.21,69.81
77.15,77.15,66.21,24.26,70.66
77.40,77.40,61.27,22.31,72.26
79.58,79.58,58.03,26.71,70.70
78.36,78.36,58.52,22.94,72.61
75.90,75.90,60.47,22.38,71.52
75.31,75.31,67.17,10.66,72.60
74.79,74.79,82.39,1.51,81.77
75.87,75.87,79.55,0.09,79.31
76.44,76.44,73.08,-0.00,80.46
76.35,76.35,67.79,-0.00,79.26
75.53,75.53,64.36,0.06,77.71
74.67,74.67,62.71,4.00,77.70
75.17,75.17,66.42,11.06,73.92
75.06,75.06,70.73,9.73,74.01
69.12,69.12,62.25,16.00,68.14
70.45,70.45,58.67,17.32,58.69
73.30,73.30,56.73,25.29,56.82
71.09,71.09,60.14,18.84,56.09
70.36,70.36,64.83,14.87,54.13
69.08,69.08,78.16,4.08,59.54
69.46,69.46,89.38,0.22,59.19
72.46,72.46,83.31,0.39,62.64
71.01,71.01,80.76,0.43,61.35
68.28,68.28,75.25,5.08,56.23
65.11,65.11,69.07,10.36,57.55
65.45,65.45,65.85,17.41,63.93
66.54,66.54,69.18,11.42,69.15
65.69,65.69,64.97,19.60,70.39
67.03,67.03,59.82,23.02,73.89
68.44,68.44,58.07,29.71,72.56
69.18,69.18,59.82,24.66,72.29
63.22,63.22,63.53,28.60,73.75
53.39,53.39,67.58,29.31,67.69
55.59,55.59,83.84,33.38,71.46
49.68,49.68,79.34,32.86,65.30
50.89,50.89,74.17,30.92,67.09
52.82,52.82,68.50,35.31,66.82
55.21,55.21,65.85,35.04,65.58
56.27,56.27,63.52,29.29,66.92
60.64,60.64,64.23,23.11,71.01
67.51,67.51,66.17,11.76,85.10
61.21,61.21,59.18,1.21,82.47
59.26,59.26,53.85,10.19,83.07
62.64,62.64,57.12,15.86,78.43
56.80,56.80,67.48,20.86,78.90
55.84,55.84,69.80,17.53,74.30
50.54,50.54,81.73,13.90,76.59
46.15,46.15,89.53,15.57,65.98
48.96,48.96,72.67,25.77,66.29
49.29,49.29,64.02,30.01,62.64
50.71,50.71,61.78,26.90,65.42
49.73,49.73,61.14,29.70,70.52
50.58,50.58,64.53,33.42,69.08
55.27,55.27,70.92,39.02,70.71
53.75,53.75,66.78,37.86,70.23
54.08,54.08,64.04,36.76,72.22
53.71,53.71,63.89,33.11,73.03
50.99,50.99,64.13,34.87,75.78
49.43,49.43,66.78,33.31,74.74
43.27,43.27,72.39,23.93,74.08
46.17,46.17,83.01,14.72,85.61
44.25,44.25,78.60,1.21,81.03
49.31,49.31,73.13,0.00,82.43
56.55,56.55,68.43,0.34,77.40
61.69,61.69,65.69,5.22,78.12
65.34,65.34,65.42,9.28,76.95
68.90,68.90,69.42,9.10,73.05
68.39,68.39,69.64,4.41,74.76
71.51,71.51,63.83,6.72,72.49
70.88,70.88,56.60,11.69,72.89
75.99,75.99,56.93,15.58,70.05
74.15,74.15,64.91,13.85,69.82
70.42,70.42,73.13,3.86,65.75
75.17,75.17,85.43,0.04,66.74
73.81,73.81,86.21,0.00,61.40
77.59,77.59,83.20,0.02,66.11
75.85,75.85,78.63,0.10,64.78
77.48,77.48,74.08,5.36,65.80
77.13,77.13,68.57,9.15,66.20
77.16,77.16,64.94,8.96,66.88
78.46,78.46,66.85,15.00,75.28
77.39,77.39,59.47,18.85,80.36
79.50,79.50,53.54,23.49,80.28
77.44,77.44,52.60,24.24,80.43
76.44,76.44,59.67,22.56,78.06
74.77,74.77,64.88,21.48,78.07
73.03,73.03,71.67,17.59,74.93
69.48,69.48,83.52,22.42,74.97
67.88,67.88,77.73,17.53,77.18
65.61,65.61,72.55,14.00,72.11
66.62,66.62,67.32,19.36,73.37
67.45,67.45,65.02,18.10,75.10
66.74,66.74,64.46,22.18,71.23
68.83,68.83,69.50,20.36,70.91
66.89,66.89,67.69,26.00,67.19
65.73,65.73,58.40,27.66,66.70
65.46,65.46,52.22,31.18,66.14
65.54,65.54,49.90,27.67,65.52
65.99,65.99,57.40,27.25,66.48
64.90,64.90,67.73,17.22,70.68
67.35,67.35,86.10,13.10,77.69
64.35,64.35,85.98,15.08,69.21
68.58,68.58,66.79,15.01,70.51
68.65,68.65,59.46,12.93,70.89
68.56,68.56,55.32,16.10,69.54
69.14,69.14,61.19,22.67,68.61
67.10,67.10,64.84,19.33,67.90
68.98,68.98,69.33,23.78,66.03
68.22,68.22,64.92,27.04,64.15
70.23,70.23,59.82,31.37,59.73
69.64,69.64,57.50,32.49,58.33
67.47,67.47,60.88,29.17,60.88
64.90,64.90,63.73,16.54,63.08
68.62,68.62,73.29,6.32,70.60
72.48,72.48,80.43,1.51,83.92
75.12,75.12,75.03,4.72,83.54
75.22,75.22,69.81,4.17,81.28
76.49,76.49,63.40,10.01,82.14
75.05,75.05,61.16,17.39,80.88
73.67,73.67,60.19,17.67,79.37
69.04,69.04,70.00,22.50,74.97
59.84,59.84,65.49,16.37,67.31
59.16,59.16,56.24,18.63,65.16
61.04,61.04,48.91,25.17,60.91
55.91,55.91,52.20,22.24,61.51
55.59,55.59,60.14,15.92,59.51
57.32,57.32,65.20,7.46,58.09
61.12,61.12,89.61,1.61,65.98
54.54,54.54,86.26,0.03,63.30
56.62,56.62,84.57,0.22,64.07
53.88,53.88,79.86,5.51,60.94
56.84,56.84,72.14,10.72,61.97
57.44,57.44,66.27,20.61,65.51
55.55,55.55,63.97,14.33,69.27
55.26,55.26,66.84,20.30,73.97
55.87,55.87,58.45,22.94,75.11
52.27,52.27,49.10,22.40,77.18
53.37,53.37,47.80,21.44,76.77
50.51,50.51,53.19,19.90,71.73
43.30,43.30,58.31,16.90,73.41
43.89,43.89,75.55,15.60,70.79
46.05,46.05,81.90,23.99,65.05
46.06,46.06,76.20,26.12,64.17
47.92,47.92,70.02,27.85,60.57
52.21,52.21,66.55,30.44,59.26
54.74,54.74,60.95,30.31,60.20
56.10,56.10,57.18,23.14,61.90
72.57,72.57,68.38,19.63,78.34
74.49,74.49,61.33,17.80,84.74
76.45,76.45,52.15,16.96,83.82
73.59,73.59,46.65,27.43,83.01
71.42,71.42,46.35,23.08,82.49
71.41,71.41,58.55,27.28,79.66
64.17,64.17,71.50,17.69,77.94
54.65,54.65,85.29,12.68,83.51
46.16,46.16,81.33,11.03,72.25
48.33,48.33,65.97,14.91,65.75
50.55,50.55,56.21,23.31,58.07
50.56,50.56,52.68,26.15,59.14
49.66,49.66,54.78,37.25,57.39
53.68,53.68,63.29,39.87,60.26
53.48,53.48,68.49,39.19,59.91
51.48,51.48,62.57,40.36,60.69
56.08,56.08,57.58,34.24,60.72
55.01,55.01,55.41,38.05,61.24
55.35,55.35,56.18,33.08,64.81
54.00,54.00,58.18,23.13,65.64
66.68,66.68,78.23,18.65,75.20
71.27,71.27,80.34,18.27,84.03
70.05,70.05,73.48,19.97,82.99
67.64,67.64,67.00,20.28,82.88
64.44,64.44,62.82,22.18,81.65
58.29,58.29,57.47,16.78,81.21
48.43,48.43,57.89,21.33,79.97
47.58,47.58,70.80,20.11,77.83
44.56,44.56,63.21,24.49,77.21
47.28,47.28,53.33,23.12,76.64
48.45,48.45,51.15,22.06,73.13
51.01,51.01,59.51,25.74,73.01
49.91,49.91,65.36,10.17,67.32
43.59,43.59,76.34,5.00,68.04
45.27,45.27,90.42,0.08,64.44
42.06,42.06,85.32,0.03,60.09
34.34,34.34,83.66,2.08,57.05
32.15,32.15,78.85,7.76,49.13
35.59,35.59,70.57,11.15,51.23
40.57,40.57,63.98,12.20,54.03
58.18,58.18,65.74,9.98,67.07
65.15,65.15,62.60,14.06,82.15
72.00,72.00,53.22,20.21,81.30
70.06,70.06,46.76,35.46,83.74
67.90,67.90,47.36,24.97,79.77
65.16,65.16,58.11,23.94,79.65
57.08,57.08,62.13,25.85,80.83
50.38,50.38,81.55,28.30,76.27
43.49,43.49,81.15,23.83,76.72
39.95,39.95,74.23,24.26,76.81
38.54,38.54,67.94,31.57,73.50
38.81,38.81,63.48,22.68,72.90
41.26,41.26,59.56,27.15,73.93
37.17,37.17,59.58,30.03,67.67
45.04,45.04,70.76,22.10,71.01
49.94,49.94,62.42,30.58,67.22
54.33,54.33,53.68,31.34,65.10
56.13,56.13,52.47,38.97,63.65
60.39,60.39,55.32,38.13,62.62
58.36,58.36,62.20,29.54,62.79
62.90,62.90,69.21,14.98,62.78
69.36,69.36,75.35,8.32,61.94
71.74,71.74,79.63,9.02,62.78
75.81,75.81,83.47,10.75,65.75
77.99,77.99,83.93,6.36,69.10
78.29,78.29,84.03,1.16,68.24
76.44,76.44,81.54,0.07,70.14
77.24,77.24,82.41,5.03,69.84
78.94,78.94,78.09,9.78,72.90
77.87,77.87,77.28,11.45,71.78
78.89,78.89,78.15,5.15,69.61
79.57,79.57,77.14,3.08,67.26
78.25,78.25,77.49,0.19,69.62
75.51,75.51,74.08,-0.00,73.12
76.04,76.04,81.61,0.13,83.43
78.52,78.52,77.95,0.05,82.47
79.56,79.56,74.36,0.00,80.47
78.47,78.47,68.36,0.00,79.91
76.91,76.91,71.46,-0.00,78.79
78.28,78.28,71.40,-0.00,78.67
74.25,74.25,66.66,-0.00,77.46
71.75,71.75,72.84,-0.00,76.50
69.52,69.52,73.58,-0.00,70.33
71.20,71.20,61.82,0.11,68.50
66.55,66.55,67.28,3.82,68.95
67.56,67.56,77.02,14.71,67.99
67.85,67.85,72.01,15.51,67.00
68.24,68.24,75.69,14.68,65.59
67.78,67.78,78.09,22.77,64.83
72.21,72.21,81.03,25.77,69.30
70.93,70.93,80.31,23.92,70.86
66.13,66.13,74.90,19.63,67.36
62.19,62.19,70.93,17.03,66.66
61.68,61.68,68.10,9.85,70.15
57.29,57.29,73.19,1.57,74.29
59.11,59.11,69.48,-0.00,76.61
55.22,55.22,77.65,-0.00,78.28
56.19,56.19,70.91,-0.00,75.93
55.82,55.82,68.08,-0.00,77.74
53.44,53.44,72.33,-0.00,76.51
50.72,50.72,75.20,0.04,74.26
46.18,46.18,81.89,0.32,74.42
45.79,45.79,78.45,3.49,72.01
49.41,49.41,76.30,11.52,72.89
50.22,50.22,75.67,15.30,72.61
49.04,49.04,76.20,13.53,70.16
49.17,49.17,72.73,7.97,70.78
57.40,57.40,74.20,0.91,77.15
64.24,64.24,65.88,0.22,88.76
66.61,66.61,65.81,0.62,85.49
64.27,64.27,65.68,5.72,84.85
60.90,60.90,64.34,10.91,82.98
57.23,57.23,64.34,10.64,84.01
50.79,50.79,67.45,5.97,81.67
44.16,44.16,65.68,12.29,70.66
40.87,40.87,66.56,22.80,67.02
44.03,44.03,71.74,36.39,67.71
42.38,42.38,65.47,37.18,66.65
42.68,42.68,63.99,40.02,67.73
40.28,40.28,66.03,40.35,69.73
36.14,36.14,65.25,37.04,71.68
35.26,35.26,70.56,27.24,71.94
39.68,39.68,68.38,20.99,73.31
46.36,46.36,72.60,16.67,74.59
45.62,45.62,69.09,13.21,74.70
47.68,47.68,65.27,11.62,77.52
43.98,43.98,70.34,15.29,74.78
29.56,29.56,70.92,12.27,77.13
29.44,29.44,77.73,2.36,85.65
31.49,31.49,73.62,1.25,85.97
39.20,39.20,68.70,6.41,84.32
45.40,45.40,66.90,7.97,83.33
45.98,45.98,62.20,4.47,81.86
46.63,46.63,62.67,16.71,81.59
47.51,47.51,66.89,23.69,81.57
56.44,56.44,68.25,20.23,80.10
57.47,57.47,66.00,21.67,77.07
62.28,62.28,68.37,26.40,77.62
73.38,73.38,67.54,29.48,77.33
70.86,70.86,70.79,32.97,76.40
70.72,70.72,72.81,29.95,71.82
67.69,67.69,79.49,24.22,71.36
70.46,70.46,77.99,27.58,71.81
69.68,69.68,83.63,25.02,73.94
72.36,72.36,81.67,21.82,74.51
74.33,74.33,73.00,13.35,72.72
73.03,73.03,70.78,14.67,73.81
76.87,76.87,65.10,9.64,74.01
79.09,79.09,62.84,2.09,78.41
76.90,76.90,58.12,1.78,82.00
77.17,77.17,57.16,3.66,85.29
76.84,76.84,55.67,5.23,84.33
75.78,75.78,60.70,11.52,83.03
73.84,73.84,63.93,10.14,80.78
70.53,70.53,73.96,17.17,80.92
65.60,65.60,81.19,11.35,78.08
60.02,60.02,73.63,12.68,79.82
59.05,59.05,68.74,15.32,76.47
61.22,61.22,64.43,19.43,75.35
61.53,61.53,63.62,21.00,76.06
57.72,57.72,65.33,21.97,77.44
59.11,59.11,68.48,21.67,73.61
61.78,61.78,64.43,21.91,74.34
59.95,59.95,60.35,30.62,73.23
60.08,60.08,56.55,32.79,72.87
59.30,59.30,55.52,33.17,72.08
59.72,59.72,62.99,41.05,73.41
59.73,59.73,64.94,31.83,73.62
60.81,60.81,63.82,30.19,73.57
62.52,62.52,61.15,35.42,74.38
66.91,66.91,64.42,32.30,75.14
65.44,65.44,66.56,30.90,76.03
66.12,66.12,57.79,35.67,75.72
65.50,65.50,60.50,33.97,74.55
65.33,65.33,65.23,34.49,73.73
66.82,66.82,68.57,29.33,72.64
68.31,68.31,67.20,27.14,69.33
70.87,70.87,66.20,29.53,67.81
71.25,71.25,68.75,21.40,67.36
67.53,67.53,66.28,17.80,68.64
63.46,63.46,63.04,15.89,72.65
64.37,64.37,72.08,9.33,78.93
68.49,68.49,75.67,4.41,86.02
66.31,66.31,69.21,6.10,87.33
66.79,66.79,64.26,5.37,86.15
68.20,68.20,59.06,9.50,85.60
66.03,66.03,57.28,18.05,82.78
65.16,65.16,56.97,15.62,80.02
61.63,61.63,65.01,26.03,80.64
56.87,56.87,62.01,24.22,72.68
55.14,55.14,56.48,26.76,68.21
58.17,58.17,61.65,38.65,68.54
54.87,54.87,58.78,43.55,68.16
54.59,54.59,61.55,41.66,65.58
55.99,55.99,69.62,42.58,65.99
57.19,57.19,78.48,43.42,65.48
58.10,58.10,80.71,42.25,68.08
57.40,57.40,81.85,40.68,70.58
54.25,54.25,77.13,42.33,68.29
49.06,49.06,68.75,38.64,65.58
47.10,47.10,63.42,28.67,67.41
43.48,43.48,61.06,29.72,72.39
40.64,40.64,59.24,23.78,74.90
42.03,42.03,55.01,17.33,75.82
38.86,38.86,49.80,15.32,76.91
37.60,37.60,53.67,17.98,75.49
43.76,43.76,56.22,18.17,75.08
40.53,40.53,62.11,21.65,74.16
39.04,39.04,76.86,19.26,74.38
36.84,36.84,79.51,22.65,73.17
34.68,34.68,73.26,26.39,70.90
49.73,49.73,69.21,30.56,70.81
53.28,53.28,64.86,36.72,69.16
37.88,37.88,61.64,28.90,69.56
49.95,49.95,59.95,20.63,69.55
35.03,35.03,61.93,12.93,84.45
29.84,29.84,58.15,4.36,87.90
41.09,41.09,56.26,9.86,87.66
24.38,24.38,51.58,19.97,84.88
25.20,25.20,51.37,17.30,83.52
23.48,23.48,55.02,17.72,82.79
24.00,24.00,60.81,19.17,78.31
19.85,19.85,61.89,38.30,64.83
20.01,20.01,60.14,44.92,62.42
18.78,18.78,60.32,38.59,60.56
18.73,18.73,58.39,43.79,61.55
18.43,18.43,56.71,47.81,61.65
14.38,14.38,59.62,40.66,62.52
16.24,16.24,65.05,40.62,66.11
19.76,19.76,64.08,43.09,68.59
32.89,32.89,57.93,40.87,71.23
44.34,44.34,58.10,38.00,73.45
42.85,42.85,56.72,37.21,73.58
48.03,48.03,59.29,39.87,73.58
36.28,36.28,62.30,33.87,73.32
24.69,24.69,76.63,21.85,82.19
25.30,25.30,74.72,16.64,86.65
24.60,24.60,69.28,20.00,84.42
20.58,20.58,61.58,11.84,84.80
20.24,20.24,56.60,20.50,83.41
34.29,34.29,55.06,23.12,82.54
39.38,39.38,56.87,22.91,80.65
39.54,39.54,63.94,25.09,78.02
33.44,33.44,56.64,30.04,78.93
23.56,23.56,50.34,34.17,77.00
26.77,26.77,52.83,33.92,74.24
29.41,29.41,61.18,42.38,74.89
20.33,20.33,65.82,38.25,74.36
23.72,23.72,72.31,40.72,67.34
21.29,21.29,79.02,43.87,65.91
23.59,23.59,80.59,44.48,66.98
24.70,24.70,83.12,42.15,68.37
20.44,20.44,76.64,45.49,65.18
19.37,19.37,68.09,35.04,57.98
11.34,11.34,62.56,30.62,56.92
13.61,13.61,62.76,28.40,70.62
15.89,15.89,60.35,22.02,82.66
20.23,20.23,59.58,13.41,83.66
25.25,25.25,59.29,15.93,83.66
23.11,23.11,60.40,13.05,84.11
24.09,24.09,63.69,14.52,82.30
22.54,22.54,64.86,18.97,81.99
28.57,28.57,81.43,28.58,79.83
21.13,21.13,77.10,26.39,78.34
21.14,21.14,70.91,25.18,76.56
34.05,34.05,65.30,38.44,77.08
41.72,41.72,58.90,36.82,73.15
41.14,41.14,57.81,36.69,74.14
42.33,42.33,62.54,35.12,73.83
46.40,46.40,67.13,43.21,72.70
42.78,42.78,59.69,47.51,71.34
42.48,42.48,54.59,46.67,70.20
39.04,39.04,53.27,41.16,72.69
40.28,40.28,54.06,39.16,73.44
49.44,49.44,53.13,48.82,74.75
61.66,61.66,57.83,48.41,70.92
71.12,71.12,58.36,47.48,67.91
75.33,75.33,55.39,48.43,67.69
79.44,79.44,52.03,43.52,68.71
79.84,79.84,50.66,39.38,69.14
78.11,78.11,54.17,38.31,69.28
75.63,75.63,57.94,27.62,69.13
77.88,77.88,62.32,21.77,73.57
78.72,78.72,58.49,31.52,71.55
79.21,79.21,55.86,34.22,71.35
81.67,81.67,53.26,25.58,71.28
79.26,79.26,53.75,28.69,72.94
78.95,78.95,59.99,23.85,73.20
77.02,77.02,65.00,15.14,73.29
75.85,75.85,77.73,11.93,84.26
76.41,76.41,73.61,11.91,82.34
76.19,76.19,67.13,5.17,82.88
76.14,76.14,62.51,1.36,82.65
76.01,76.01,57.19,11.34,80.56
75.48,75.48,55.45,15.21,79.07
76.37,76.37,57.99,15.70,77.19
74.94,74.94,59.90,21.12,76.72
71.94,71.94,56.51,28.39,73.43
67.14,67.14,56.86,33.08,73.53
70.94,70.94,59.34,37.71,73.64
65.26,65.26,63.27,47.84,73.34
63.18,63.18,69.97,47.73,70.94
65.88,65.88,77.52,42.83,68.27
63.41,63.41,77.44,36.09,67.45
66.47,66.47,82.79,33.85,69.87
62.25,62.25,81.70,33.69,68.56
60.78,60.78,75.65,36.47,65.96
58.91,58.91,69.66,28.52,66.27
58.00,58.00,64.80,23.86,68.02
60.65,60.65,65.29,21.70,71.13
63.57,63.57,60.04,17.06,73.88
66.73,66.73,56.34,14.36,76.25
67.04,67.04,56.02,22.77,75.12
68.85,68.85,59.72,25.35,74.91
68.09,68.09,64.95,19.59,75.97
62.10,62.10,70.90,16.26,74.46
54.72,54.72,80.93,21.11,75.30
47.41,47.41,75.77,23.89,73.56
48.53,48.53,70.88,26.47,74.06
50.17,50.17,66.60,33.01,74.28
46.34,46.34,62.96,19.23,73.32
44.30,44.30,58.69,12.32,73.31
38.70,38.70,58.75,11.21,80.10
45.94,45.94,59.68,10.24,86.75
39.13,39.13,55.07,15.27,82.11
38.73,38.73,54.07,19.75,82.41
32.96,32.96,54.31,26.46,81.16
32.52,32.52,54.90,25.48,78.52
47.55,47.55,58.60,32.83,77.89
37.18,37.18,64.34,34.49,70.34
27.69,27.69,63.78,29.64,66.00
23.03,23.03,65.30,35.90,66.56
23.16,23.16,63.47,35.13,66.46
20.92,20.92,62.35,33.37,68.67
22.23,22.23,62.75,33.23,70.65
21.82,21.82,64.23,28.41,71.31
19.88,19.88,66.40,31.78,73.99
22.67,22.67,61.25,25.78,74.40
28.19,28.19,60.83,26.50,77.68
36.40,36.40,60.10,27.44,76.79
34.16,34.16,61.93,27.79,77.84
33.49,33.49,65.52,19.78,77.79
25.93,25.93,72.04,12.46,79.10
28.00,28.00,77.66,9.92,84.78
26.36,26.36,71.32,13.97,84.15
40.92,40.92,67.19,17.07,82.95
39.41,39.41,65.07,22.02,79.86
34.56,34.56,62.39,20.14,79.40
38.56,38.56,60.66,16.74,78.11
29.59,29.59,64.22,16.16,78.22
39.84,39.84,64.34,19.43,77.50
33.65,33.65,63.68,16.56,76.38
36.59,36.59,65.82,9.34,76.40
44.33,44.33,71.42,22.13,78.69
45.35,45.35,67.73,20.65,77.80
39.57,39.57,70.42,20.93,76.48
29.68,29.68,79.61,19.12,75.90
25.82,25.82,77.26,12.26,75.47
29.29,29.29,82.42,10.93,77.01
31.30,31.30,79.08,7.74,77.12
31.39,31.39,72.90,7.20,75.66
26.70,26.70,70.39,3.27,79.54
24.44,24.44,67.02,7.68,78.86
22.88,22.88,67.74,6.15,83.36
22.58,22.58,65.34,13.59,85.00
22.33,22.33,65.41,13.78,83.22
23.36,23.36,62.99,20.87,84.93
29.20,29.20,62.70,26.88,81.55
25.77,25.77,68.58,24.93,82.12
27.51,27.51,74.20,21.19,80.33
25.31,25.31,76.18,17.29,81.53
27.67,27.67,70.58,11.57,80.86
28.73,28.73,63.86,7.89,79.16
31.50,31.50,58.71,18.61,80.75
25.36,25.36,57.99,19.13,79.42
23.42,23.42,58.41,16.90,79.32
25.55,25.55,62.47,18.99,81.08
26.87,26.87,62.83,24.40,77.81
23.97,23.97,61.89,23.72,74.92
25.53,25.53,60.83,24.99,74.47
28.78,28.78,61.86,27.33,75.76
30.48,30.48,63.53,23.15,75.30
23.52,23.52,64.35,26.69,74.30
23.65,23.65,63.25,25.10,73.77
25.18,25.18,62.46,22.51,74.01
23.39,23.39,62.65,21.98,75.35
23.31,23.31,61.58,16.58,75.07
27.71,27.71,62.91,11.93,75.11
26.26,26.26,64.58,19.95,75.27
23.40,23.40,65.69,12.92,76.68
26.90,26.90,64.50,21.23,75.81
31.03,31.03,63.28,24.20,77.97
47.35,47.35,62.28,26.21,79.30
51.26,51.26,62.55,24.84,79.83
46.76,46.76,63.82,20.13,78.24
42.74,42.74,65.41,17.54,78.22
29.51,29.51,74.02,10.48,80.18
15.37,15.37,74.05,1.85,84.44
22.87,22.87,69.48,6.75,85.98
27.03,27.03,65.58,12.63,84.87
21.36,21.36,62.88,14.80,83.79
16.61,16.61,59.99,30.75,83.18
22.14,22.14,60.19,28.88,81.40
28.36,28.36,62.97,29.37,78.59
36.83,36.83,62.09,28.98,77.65
40.29,40.29,61.77,24.48,74.78
42.03,42.03,62.66,37.13,77.01
37.68,37.68,64.52,28.85,76.62
41.60,41.60,69.06,27.37,73.43
33.44,33.44,73.94,39.41,72.24
23.47,23.47,77.70,30.60,69.71
22.68,22.68,81.22,29.97,70.94
26.42,26.42,81.32,29.33,74.46
23.52,23.52,78.04,19.83,70.81
19.61,19.61,69.42,20.68,69.23
12.99,12.99,64.72,18.92,69.84
14.42,14.42,63.48,15.24,73.24
15.45,15.45,63.15,9.22,75.70
11.96,11.96,60.03,3.96,76.59
11.99,11.99,59.95,8.31,78.03
11.76,11.76,61.34,4.23,76.52
12.67,12.67,64.87,3.20,78.98
11.80,11.80,66.61,0.20,78.40
22.76,22.76,78.81,0.80,78.06
23.55,23.55,78.80,1.88,77.92
21.89,21.89,71.34,2.22,74.07
23.01,23.01,66.89,9.77,74.98
24.63,24.63,63.33,5.37,76.03
24.85,24.85,61.17,3.33,76.20
18.25,18.25,61.48,2.82,76.82
23.02,23.02,63.44,0.46,87.97
30.77,30.77,62.90,0.04,86.73
40.46,40.46,61.87,1.62,84.54
41.20,41.20,60.07,5.29,84.10
37.86,37.86,60.14,13.12,83.19
32.15,32.15,62.81,19.06,81.92
30.67,30.67,62.68,26.00,77.28
23.58,23.58,61.27,19.61,69.55
18.81,18.81,62.06,11.98,66.14
18.69,18.69,64.06,24.15,67.08
22.60,22.60,64.57,24.01,67.41
22.82,22.82,63.37,20.47,67.34
26.49,26.49,64.25,19.61,69.22
27.98,27.98,67.90,15.77,72.03
29.49,29.49,66.32,11.70,71.48
31.82,31.82,63.02,13.01,72.49
34.17,34.17,63.74,12.04,76.42
32.51,32.51,62.43,13.45,79.38
26.62,26.62,63.49,9.85,77.57
24.18,24.18,65.04,2.60,79.19
30.60,30.60,73.83,0.82,85.28
28.09,28.09,71.30,5.65,85.49
28.27,28.27,65.64,15.13,84.90
29.28,29.28,63.31,18.30,83.77
31.59,31.59,63.38,18.29,83.89
27.42,27.42,61.55,19.54,81.85
30.42,30.42,62.03,28.71,82.08
34.01,34.01,64.07,30.58,81.75
29.65,29.65,61.64,26.86,79.69
34.91,34.91,60.25,16.65,78.62
35.75,35.75,60.46,11.55,79.23
35.24,35.24,63.29,14.62,77.42
41.42,41.42,67.98,4.64,77.10
49.21,49.21,78.27,0.04,77.05
59.23,59.23,85.00,0.14,79.41
65.13,65.13,82.97,0.02,77.54
64.52,64.52,82.90,0.01,76.25
63.50,63.50,81.54,0.01,75.15
68.44,68.44,78.16,-0.00,74.26
76.64,76.64,74.01,0.55,72.25
77.56,77.56,71.75,6.56,69.20
77.77,77.77,68.12,6.42,67.96
78.25,78.25,64.35,9.74,65.04
79.63,79.63,60.41,12.18,63.88
78.61,78.61,55.27,12.47,62.11
77.79,77.79,50.78,13.10,63.00
75.80,75.80,46.80,7.07,61.34
75.31,75.31,47.52,6.53,62.43
72.17,72.17,49.71,3.04,66.02
69.28,69.28,47.36,4.82,68.19
69.09,69.09,48.64,11.83,68.05
69.89,69.89,49.79,14.69,68.36
71.02,71.02,45.88,9.73,69.78
71.80,71.80,45.91,7.43,69.64
72.83,72.83,45.83,10.28,68.96
70.52,70.52,44.28,11.91,66.41
70.26,70.26,41.44,9.72,64.67
70.31,70.31,50.24,9.01,63.32
68.15,68.15,63.00,25.41,60.63
62.65,62.65,70.52,31.08,59.10
52.87,52.87,83.26,45.45,59.62
49.09,49.09,93.56,50.08,56.55
48.51,48.51,95.55,36.87,51.53
48.31,48.31,94.55,42.65,50.22
43.27,43.27,93.19,36.50,44.47
36.36,36.36,88.76,48.44,47.70
31.65,31.65,81.95,56.21,57.32
42.75,42.75,83.17,62.77,79.58
46.61,46.61,81.53,81.02,81.84
51.18,51.18,78.53,83.63,82.97
52.32,52.32,73.92,86.33,82.74
52.10,52.10,71.66,86.83,84.08
50.52,50.52,68.44,85.37,83.34
48.16,48.16,66.54,87.01,82.50
46.31,46.31,65.65,85.29,80.47
43.54,43.54,62.82,84.91,77.45
39.35,39.35,61.52,79.28,77.06
37.71,37.71,68.84,67.90,77.78
38.09,38.09,75.27,58.76,76.54
38.65,38.65,82.73,58.38,76.23
36.80,36.80,84.22,60.81,76.77
39.80,39.80,86.25,50.86,79.97
44.66,44.66,85.82,41.94,80.29
44.43,44.43,85.87,49.16,81.76
37.89,37.89,74.38,42.69,74.22
28.09,28.09,60.49,33.80,62.49
25.16,25.16,58.18,29.08,59.35
28.75,28.75,84.91,48.26,77.42
27.61,27.61,90.75,56.12,77.17
27.13,27.13,91.89,61.39,75.85
26.02,26.02,92.53,52.95,73.66
28.79,28.79,89.57,61.37,74.92
31.63,31.63,87.63,59.32,73.21
27.32,27.32,80.04,58.33,71.44
25.99,25.99,73.52,72.86,72.10
26.10,26.10,69.74,86.20,77.44
24.50,24.50,65.71,87.62,80.25
27.14,27.14,61.89,87.67,78.17
26.71,26.71,56.85,89.12,75.71
20.54,20.54,50.93,84.04,70.26
20.69,20.69,47.18,81.58,65.97
29.40,29.40,57.49,87.11,78.41
31.50,31.50,60.42,88.67,80.61
27.66,27.66,59.54,90.46,77.79
26.68,26.68,55.59,88.43,75.55
19.39,19.39,50.27,85.37,72.46
14.50,14.50,43.94,84.76,67.95
18.81,18.81,48.28,79.64,66.14
22.39,22.39,57.64,87.36,79.14
20.37,20.37,57.59,91.14,77.98
15.30,15.30,55.67,88.36,77.18
16.25,16.25,53.63,88.57,75.26
18.47,18.47,50.15,87.64,73.57
21.15,21.15,44.90,83.17,68.50
21.21,21.21,31.20,60.06,49.89
16.82,16.82,18.85,36.19,38.11
10.35,10.35,6.58,27.99,28.19
13.64,13.64,11.64,38.92,34.04
22.32,22.32,23.14,54.58,47.14
22.43,22.43,31.56,65.01,54.76
17.59,17.59,35.62,71.30,57.46
24.39,24.39,50.57,77.26,70.36
30.35,30.35,55.40,87.52,79.08
30.51,30.51,52.38,88.69,79.63
27.69,27.69,53.59,87.39,78.38
17.85,17.85,56.67,88.62,74.78
7.69,7.69,57.69,83.69,69.78
23.93,23.93,71.03,78.73,72.51
30.94,30.94,83.45,85.48,80.79
32.94,32.94,80.47,86.79,80.57
30.53,30.53,77.71,88.40,78.77
32.51,32.51,73.74,88.87,77.41
32.38,32.38,69.16,84.79,72.40
27.56,27.56,67.86,83.32,70.17
23.52,23.52,71.06,80.89,74.02
22.01,22.01,68.25,86.90,79.48
19.26,19.26,62.54,90.89,77.91
15.55,15.55,60.71,88.09,76.48
11.62,11.62,60.97,86.83,75.07
11.28,11.28,63.84,87.64,72.32
11.78,11.78,67.27,80.82,68.02
25.20,25.20,90.57,60.96,77.62
22.51,22.51,92.53,63.23,71.34
27.44,27.44,91.65,59.42,71.86
19.64,19.64,91.28,51.32,68.27
15.86,15.86,89.69,29.07,67.53
14.36,14.36,86.49,27.62,62.60
13.18,13.18,80.80,26.57,61.94
17.18,17.18,76.99,29.23,64.17
14.18,14.18,71.77,25.93,57.45
6.25,6.25,65.79,20.94,53.03
4.53,4.53,61.58,26.84,51.72
1.99,1.99,54.34,33.61,46.68
6.75,6.75,49.56,44.44,49.48
29.64,29.64,74.43,69.36,69.85
27.28,27.28,84.49,83.76,77.74
33.90,33.90,81.01,83.10,78.27
37.00,37.00,76.57,82.98,77.00
26.50,26.50,73.82,84.72,74.47
18.42,18.42,69.68,82.53,70.37
12.27,12.27,69.24,84.31,67.40
19.49,19.49,75.24,85.03,65.19
17.61,17.61,70.06,81.18,57.62
18.89,18.89,62.72,78.53,51.90
19.85,19.85,56.97,71.14,48.05
20.71,20.71,54.19,62.74,43.49
23.67,23.67,52.28,50.53,40.63
23.60,23.60,56.45,34.10,40.44
13.99,13.99,93.31,48.08,41.16
11.69,11.69,94.34,36.22,40.80
12.81,12.81,94.26,33.21,35.87
19.31,19.31,94.18,27.02,29.39
10.74,10.74,90.46,21.56,17.79
7.22,7.22,85.09,19.34,11.30
2.19,2.19,76.02,15.91,1.27
0.32,0.32,65.52,14.21,0.25
-0.00,-0.00,56.96,12.25,7.13
0.05,0.05,50.30,16.67,18.51
0.20,0.20,43.27,29.76,26.89
2.04,2.04,38.84,34.30,38.15
10.14,10.14,51.09,46.57,52.01
34.77,34.77,78.06,72.04,78.42
29.63,29.63,81.00,83.24,83.71
20.95,20.95,77.43,87.00,84.72
23.04,23.04,71.61,88.92,82.85
21.48,21.48,68.48,86.53,83.90
18.93,18.93,64.17,87.10,83.18
14.41,14.41,63.25,88.67,82.81
12.48,12.48,60.70,86.21,81.00
15.05,15.05,58.30,87.30,78.72
18.50,18.50,53.47,79.31,74.91
18.06,18.06,51.27,71.61,71.97
12.30,12.30,56.70,62.43,67.38
5.26,5.26,58.64,53.85,58.18
16.71,16.71,72.32,47.82,68.64
24.62,24.62,89.20,54.42,78.91
23.90,23.90,92.90,57.17,75.29
23.89,23.89,91.04,54.30,76.65
19.06,19.06,90.05,47.41,75.50
16.96,16.96,88.76,49.00,75.72
12.58,12.58,84.63,65.81,72.88
20.70,20.70,76.89,67.98,75.58
27.33,27.33,70.72,79.29,78.64
22.85,22.85,65.06,83.69,79.72
21.60,21.60,60.60,86.49,80.67
21.21,21.21,58.22,87.51,80.54
15.73,15.73,58.26,84.16,79.39
16.48,16.48,56.25,82.21,79.34
31.00,31.00,82.28,83.22,79.86
29.10,29.10,81.87,81.12,81.61
32.45,32.45,78.89,88.43,80.37
27.24,27.24,74.75,85.59,79.55
30.23,30.23,71.02,87.92,76.19
28.43,28.43,66.13,84.06,73.02
22.62,22.62,65.20,79.22,72.35
21.82,21.82,68.32,87.58,86.72
12.98,12.98,60.87,90.10,84.71
18.17,18.17,57.11,91.37,83.31
22.98,22.98,56.10,92.45,83.40
25.92,25.92,59.13,89.97,84.62
20.10,20.10,66.91,92.17,82.96
15.61,15.61,80.02,79.65,80.96
13.92,13.92,91.37,67.96,76.42
6.95,6.95,94.04,52.33,65.89
3.03,3.03,93.68,44.39,62.72
2.39,2.39,92.74,48.93,52.73
6.88,6.88,88.67,57.40,54.33
12.16,12.16,79.91,69.82,62.47
25.58,25.58,71.27,73.01,72.66
23.31,23.31,70.00,86.79,76.12
25.92,25.92,60.26,88.45,78.68
24.95,24.95,53.15,90.56,78.55
23.60,23.60,53.82,87.44,75.96
20.29,20.29,55.58,84.17,71.17
26.34,26.34,57.66,83.17,64.74
35.32,35.32,82.16,73.91,86.29
26.46,26.46,79.32,76.59,85.93
30.19,30.19,75.90,81.11,86.52
32.64,32.64,70.85,82.46,85.91
29.27,29.27,65.57,84.19,84.60
15.17,15.17,64.12,84.93,84.36
14.09,14.09,66.92,86.99,83.12
20.42,20.42,68.32,85.47,85.16
20.35,20.35,65.17,88.46,83.14
16.33,16.33,63.28,87.13,82.22
13.44,13.44,60.68,87.59,79.46
12.97,12.97,63.05,89.40,78.61
9.54,9.54,73.39,86.06,75.59
14.93,14.93,80.78,75.64,74.71
25.99,25.99,90.87,67.29,74.34
20.56,20.56,92.86,63.77,71.47
22.03,22.03,91.56,54.21,71.77
10.88,10.88,91.09,44.78,68.49
16.07,16.07,88.61,36.94,67.48
8.19,8.19,82.96,31.18,65.02
11.26,11.26,75.62,28.25,61.69
10.48,10.48,72.01,27.93,58.27
11.82,11.82,66.50,21.17,55.23
11.79,11.79,64.47,17.61,52.30
12.46,12.46,57.50,17.84,46.38
13.28,13.28,51.85,14.30,38.67
22.19,22.19,50.37,20.53,42.82
30.88,30.88,81.74,35.29,60.57
29.67,29.67,79.42,43.54,62.26
35.40,35.40,76.43,42.80,66.66
25.54,25.54,53.56,33.74,53.48
19.93,19.93,34.60,12.73,33.87
15.58,15.58,34.28,11.93,34.23
26.22,26.22,58.63,22.83,50.90
29.44,29.44,80.44,29.85,64.21
30.55,30.55,78.27,34.99,68.05
37.94,37.94,72.97,33.55,69.76
33.19,33.19,69.30,31.09,67.05
31.70,31.70,66.33,17.50,56.83
18.71,18.71,63.75,3.88,50.85
16.84,16.84,83.76,1.17,53.77
18.09,18.09,93.55,7.83,51.57
13.11,13.11,93.75,14.09,46.39
7.09,7.09,94.91,16.43,42.28
7.84,7.84,91.81,14.92,44.65
10.63,10.63,88.01,12.55,50.59
23.00,23.00,81.65,21.01,59.02
32.41,32.41,82.75,22.95,68.79
30.61,30.61,80.18,29.95,72.84
26.58,26.58,75.27,36.03,74.81
20.20,20.20,68.34,43.84,72.08
15.82,15.82,69.65,34.10,74.25
8.40,8.40,69.14,44.17,63.38
23.07,23.07,75.06,58.25,67.34
29.59,29.59,90.87,76.36,76.80
21.45,21.45,93.68,79.80,73.28
26.89,26.89,91.06,81.91,75.73
17.66,17.66,90.05,85.96,75.09
17.02,17.02,86.46,84.92,79.48
12.27,12.27,86.32,87.88,71.50
19.85,19.85,79.60,86.70,74.64
26.13,26.13,77.56,86.59,73.76
25.22,25.22,75.88,86.43,73.42
21.52,21.52,69.01,82.06,73.79
16.35,16.35,66.45,76.27,71.58
11.21,11.21,67.03,66.58,70.40
10.60,10.60,66.59,56.67,64.63
22.72,22.72,87.25,41.80,80.84
26.10,26.10,89.90,51.34,80.31
26.67,26.67,90.45,43.83,80.06
17.85,17.85,90.78,49.05,79.62
15.29,15.29,88.88,59.51,79.70
11.86,11.86,86.41,66.26,76.40
7.71,7.71,77.76,73.21,75.57
19.53,19.53,70.29,78.27,78.24
20.37,20.37,66.37,87.88,81.14
18.33,18.33,60.84,89.72,81.28
16.98,16.98,57.59,87.14,77.18
14.66,14.66,57.81,88.71,78.22
13.27,13.27,57.02,89.21,72.20
20.27,20.27,67.16,87.69,72.07
20.24,20.24,83.14,85.35,78.34
22.38,22.38,77.31,86.14,80.38
24.42,24.42,72.49,88.93,80.20
16.89,16.89,68.78,88.56,78.49
13.44,13.44,63.65,85.08,75.45
8.11,8.11,59.65,78.73,67.63
16.79,16.79,73.23,78.12,79.25
23.30,23.30,75.26,83.03,89.11
17.25,17.25,73.18,86.25,87.74
16.38,16.38,70.75,87.30,88.22
17.86,17.86,69.97,85.84,87.98
15.32,15.32,72.44,84.96,88.14
9.10,9.10,77.30,85.30,86.97
16.58,16.58,91.05,65.93,69.76
11.02,11.02,93.84,62.95,60.52
7.68,7.68,94.19,45.48,54.24
4.82,4.82,92.79,43.29,56.70
9.34,9.34,90.99,46.83,52.44
13.99,13.99,85.62,57.96,65.76
15.42,15.42,81.25,69.32,73.79
18.71,18.71,73.08,79.48,80.63
17.43,17.43,70.30,86.76,83.49
17.90,17.90,66.52,87.79,84.17
18.44,18.44,64.16,85.07,83.11
15.24,15.24,62.72,84.61,79.53
9.91,9.91,59.21,83.39,74.52
19.98,19.98,73.07,77.62,75.50
30.87,30.87,80.16,76.83,90.03
20.20,20.20,75.42,82.45,89.93
19.64,19.64,71.18,80.04,90.62
17.24,17.24,68.40,82.44,89.59
13.49,13.49,64.60,79.12,90.43
14.55,14.55,61.95,77.98,90.96
18.98,18.98,68.16,82.55,89.25
20.89,20.89,68.65,79.43,87.94
16.05,16.05,66.21,84.48,87.62
18.00,18.00,64.44,80.62,89.08
17.31,17.31,65.27,78.19,87.03
11.16,11.16,70.66,80.49,87.21
15.36,15.36,74.27,70.49,84.33
28.76,28.76,89.61,62.92,79.70
22.19,22.19,92.05,63.16,75.02
23.18,23.18,90.69,51.67,75.35
17.58,17.58,91.60,40.32,74.26
17.50,17.50,89.07,42.91,73.78
13.60,13.60,84.98,53.34,71.09
16.81,16.81,77.48,58.12,71.63
19.53,19.53,73.20,73.02,83.25
21.04,21.04,67.03,80.93,87.17
27.19,27.19,63.48,81.79,90.15
30.08,30.08,61.97,82.51,89.20
18.23,18.23,63.37,84.63,90.46
8.93,8.93,66.42,80.59,89.65
14.89,14.89,77.79,82.19,87.56
24.17,24.17,83.01,79.72,87.98
23.30,23.30,79.34,80.91,87.62
25.21,25.21,74.15,83.87,89.15
18.66,18.66,69.58,81.17,88.56
9.92,9.92,65.05,85.81,86.53
7.37,7.37,61.67,83.11,86.14
17.86,17.86,74.03,84.14,85.89
16.80,16.80,67.38,82.37,82.48
8.17,8.17,56.61,79.55,81.20
8.81,8.81,53.24,76.42,73.65
18.51,18.51,59.70,63.68,72.53
25.09,25.09,66.28,52.24,62.41
19.96,19.96,71.06,46.90,60.94
14.21,14.21,92.38,47.52,56.93
10.78,10.78,95.11,30.29,52.96
8.11,8.11,94.11,16.72,52.42
3.40,3.40,93.39,19.57,46.93
3.73,3.73,89.58,16.66,45.06
8.62,8.62,85.19,14.00,46.58
12.58,12.58,83.75,19.29,53.89
13.30,13.30,92.12,17.55,57.99
19.79,19.79,94.46,21.52,59.88
25.49,25.49,93.56,27.53,65.36
28.73,28.73,91.86,37.89,65.83
24.91,24.91,88.12,50.29,72.84
19.56,19.56,81.73,62.24,72.40
29.11,29.11,87.20,69.44,82.04
34.43,34.43,82.94,74.42,86.59
34.55,34.55,83.91,78.90,86.07
21.55,21.55,82.55,73.64,86.67
16.19,16.19,80.56,74.80,88.92
11.09,11.09,75.83,78.88,90.69
8.90,8.90,73.94,70.33,90.18
21.43,21.43,73.51,78.46,90.52
15.17,15.17,68.65,74.14,88.63
10.75,10.75,62.60,71.58,86.86
13.65,13.65,63.40,70.60,84.43
9.37,9.37,62.66,53.33,79.93
6.88,6.88,63.59,44.59,73.37
18.34,18.34,77.92,49.72,72.21
28.48,28.48,89.48,45.18,78.54
26.49,26.49,92.61,52.63,75.69
23.26,23.26,92.24,49.61,75.43
14.19,14.19,90.49,50.40,74.24
9.75,9.75,89.40,54.15,73.92
10.67,10.67,83.62,67.03,74.71
14.28,14.28,75.97,69.92,81.31
18.33,18.33,71.83,75.13,87.25
17.00,17.00,67.88,83.99,89.94
13.54,13.54,63.80,82.61,91.36
6.71,6.71,63.92,80.87,89.80
15.42,15.42,61.34,86.91,88.59
13.02,13.02,59.66,85.35,87.25
27.34,27.34,83.33,77.49,83.16
27.85,27.85,82.23,82.06,85.84
21.95,21.95,77.21,86.08,85.47
22.68,22.68,71.78,87.62,81.28
10.65,10.65,67.99,85.44,79.77
15.10,15.10,62.60,81.51,73.15
12.18,12.18,64.99,80.97,70.33
18.05,18.05,73.11,79.62,88.47
23.99,23.99,69.09,75.54,91.21
23.56,23.56,66.85,75.26,90.57
18.30,18.30,66.09,81.17,91.31
15.58,15.58,69.66,69.69,90.85
11.23,11.23,74.74,76.23,90.76
12.86,12.86,85.66,58.35,81.34
12.78,12.78,92.45,61.51,66.43
7.90,7.90,94.99,50.68,58.29
5.32,5.32,93.39,43.30,62.00
6.75,6.75,92.92,34.08,56.91
10.64,10.64,88.37,45.98,62.12
10.19,10.19,81.72,56.89,68.99
20.99,20.99,76.38,66.71,73.58
16.38,16.38,69.72,78.03,77.47
12.97,12.97,69.38,81.84,77.96
17.13,17.13,67.27,87.26,77.55
18.11,18.11,64.93,86.19,75.65
5.62,5.62,61.30,82.07,70.50
14.88,14.88,60.67,80.91,67.02
25.87,25.87,81.95,77.42,86.74
25.96,25.96,77.72,83.86,89.40
20.53,20.53,72.57,83.70,89.99
13.22,13.22,67.85,87.47,89.48
8.38,8.38,66.24,84.58,89.45
14.86,14.86,64.64,84.45,90.96
11.32,11.32,67.49,85.27,89.95
16.87,16.87,72.55,84.70,87.98
16.28,16.28,69.36,87.13,89.35
16.80,16.80,66.94,90.65,85.22
19.03,19.03,65.29,89.28,87.31
17.45,17.45,63.67,86.95,85.12
14.13,14.13,65.15,89.81,85.13
23.63,23.63,82.82,69.90,82.32
30.67,30.67,88.04,67.12,79.11
33.01,33.01,87.17,58.07,76.05
26.39,26.39,86.41,56.62,75.58
20.08,20.08,84.69,55.92,71.44
11.32,11.32,81.69,52.12,66.51
5.24,5.24,78.24,41.23,62.24
6.95,6.95,74.44,36.02,58.90
10.13,10.13,70.66,30.72,54.17
10.27,10.27,66.07,26.10,50.57
11.31,11.31,62.85,18.91,48.03
11.69,11.69,56.25,16.87,42.54
13.92,13.92,50.80,14.58,36.94
20.38,20.38,49.10,23.91,41.75
23.46,23.46,75.43,35.42,63.78
27.01,27.01,75.09,36.75,68.64
29.76,29.76,73.67,28.92,71.17
34.00,34.00,72.58,32.49,68.18
40.44,40.44,73.04,28.19,60.95
42.23,42.23,71.52,28.78,60.63
39.46,39.46,72.35,31.54,63.18
37.09,37.09,73.23,26.41,62.10
28.68,28.68,72.20,18.25,57.99
24.68,24.68,71.58,19.92,57.26
22.61,22.61,71.93,13.87,63.23
17.66,17.66,72.00,6.55,67.22
10.36,10.36,69.82,1.08,60.92
15.51,15.51,86.23,0.70,51.23
13.25,13.25,92.87,2.40,48.62
13.15,13.15,94.39,8.90,44.80
15.75,15.75,94.67,15.96,37.07
21.12,21.12,90.45,16.58,41.74
28.59,28.59,88.33,10.40,54.85
32.94,32.94,81.08,9.46,62.16
37.66,37.66,76.80,10.86,64.31
43.61,43.61,69.02,13.82,67.09
48.26,48.26,61.86,9.21,74.36
49.34,49.34,55.27,18.36,72.20
40.66,40.66,54.22,32.02,75.36
31.80,31.80,56.09,42.85,72.30
31.84,31.84,70.27,60.05,75.38
32.24,32.24,84.20,78.77,83.87
26.93,26.93,78.45,84.21,83.18
22.18,22.18,71.93,88.78,83.81
19.77,19.77,69.60,85.87,82.82
19.61,19.61,69.78,86.00,81.44
15.63,15.63,67.20,86.85,79.94
21.11,21.11,72.92,84.49,79.32
20.14,20.14,72.37,85.14,73.32
19.36,19.36,68.26,81.05,70.79
21.65,21.65,68.50,73.59,70.48
16.64,16.64,69.14,64.38,70.58
12.87,12.87,71.51,50.59,69.11
11.13,11.13,70.23,41.39,65.12
23.34,23.34,89.67,38.42,76.57
23.64,23.64,91.42,44.40,75.89
25.77,25.77,91.45,47.88,76.19
21.50,21.50,90.09,40.66,77.14
15.51,15.51,89.47,40.47,77.03
14.52,14.52,86.43,46.61,74.68
11.45,11.45,81.65,57.80,74.47
17.73,17.73,74.13,66.85,78.65
19.98,19.98,67.53,68.16,81.52
21.40,21.40,64.30,69.55,83.78
13.36,13.36,62.48,72.30,80.84
10.77,10.77,61.27,74.45,78.85
6.00,6.00,59.38,76.79,78.75
24.24,24.24,70.92,77.67,76.39
23.70,23.70,83.21,71.92,78.99
30.46,30.46,79.74,81.72,81.22
18.39,18.39,75.27,83.22,80.16
13.92,13.92,70.41,86.29,76.56
15.98,15.98,66.24,82.28,75.33
13.56,13.56,60.63,79.41,72.79
17.05,17.05,69.41,81.20,81.92
20.77,20.77,70.40,87.99,85.85
21.11,21.11,68.80,88.40,83.36
15.05,15.05,66.62,91.47,80.98
14.72,14.72,67.85,88.92,79.99
12.35,12.35,69.68,89.74,78.14
11.55,11.55,75.89,89.24,76.81
14.23,14.23,90.96,65.86,71.38
10.71,10.71,93.57,65.11,64.87
7.05,7.05,93.75,51.30,61.01
3.59,3.59,94.04,43.66,52.22
7.77,7.77,90.67,42.52,50.38
9.67,9.67,83.20,48.99,56.90
15.97,15.97,73.46,65.53,61.34
22.61,22.61,74.36,82.07,76.14
25.58,25.58,68.73,85.65,80.66
29.89,29.89,64.12,89.43,81.98
27.77,27.77,62.64,85.47,81.02
22.98,22.98,60.16,83.55,77.76
14.31,14.31,58.78,82.22,72.53
25.71,25.71,74.26,72.86,77.50
29.13,29.13,81.69,82.92,84.37
25.98,25.98,76.78,83.32,87.55
24.26,24.26,72.55,85.97,86.33
19.77,19.77,68.34,80.13,83.19
19.41,19.41,64.84,81.96,80.39
15.77,15.77,63.20,81.83,82.24
24.98,24.98,71.66,79.67,81.39
23.73,23.73,69.64,88.40,82.15
21.08,21.08,68.53,90.63,82.28
19.33,19.33,66.55,87.31,81.48
8.91,8.91,64.56,85.77,77.60
2.90,2.90,68.72,78.95,75.08
10.66,10.66,76.65,76.52,74.08
26.41,26.41,90.82,61.52,78.93
21.86,21.86,92.33,61.05,75.81
24.84,24.84,91.11,53.73,75.09
13.75,13.75,91.58,42.12,74.09
18.50,18.50,89.06,47.00,73.49
10.73,10.73,84.44,57.84,70.89
13.11,13.11,76.42,70.72,72.16
21.20,21.20,73.26,77.96,82.39
14.78,14.78,70.13,88.22,81.96
16.00,16.00,66.99,86.11,82.17
14.28,14.28,65.99,87.51,81.79
9.98,9.98,66.40,88.55,79.70
11.96,11.96,66.39,84.77,81.08
31.44,31.44,80.80,85.08,80.83
33.57,33.57,81.76,84.76,78.99
32.12,32.12,76.30,85.75,78.51
18.36,18.36,72.31,89.38,76.86
14.10,14.10,68.96,85.76,75.04
16.37,16.37,64.38,84.52,73.05
11.53,11.53,59.16,85.56,71.56
21.80,21.80,74.99,84.46,77.27
16.50,16.50,71.25,87.31,77.96
15.94,15.94,67.25,88.84,77.69
14.57,14.57,65.01,85.99,77.81
12.28,12.28,65.62,84.12,75.41
7.33,7.33,66.19,85.65,71.36
10.02,10.02,73.92,76.97,66.21
16.95,16.95,92.49,65.37,59.79
12.44,12.44,95.11,50.66,54.44
10.11,10.11,94.27,40.34,45.83
10.87,10.87,91.91,30.16,43.61
11.90,11.90,89.43,27.78,53.54
17.01,17.01,85.53,26.15,60.37
27.03,27.03,78.42,27.89,68.20
26.03,26.03,71.03,28.30,70.66
26.63,26.63,64.63,23.07,75.06
25.74,25.74,56.97,29.34,72.53
24.73,24.73,55.21,29.89,74.96
24.98,24.98,55.56,39.76,71.35
23.35,23.35,61.02,51.18,71.05
36.72,36.72,81.48,71.62,83.28
30.41,30.41,78.94,84.23,85.04
20.39,20.39,74.98,82.95,83.02
20.41,20.41,69.67,86.48,85.00
13.77,13.77,64.16,84.40,83.74
14.48,14.48,61.77,81.51,82.19
20.03,20.03,62.73,83.79,79.64
20.88,20.88,71.45,82.76,80.80
16.79,16.79,64.47,82.54,77.68
18.57,18.57,56.43,75.49,75.87
16.12,16.12,55.42,64.70,72.47
10.74,10.74,58.62,56.59,69.04
11.07,11.07,62.43,47.14,63.41
19.27,19.27,79.11,47.71,72.23
25.44,25.44,90.17,45.35,80.00
24.98,24.98,92.31,43.65,74.46
24.13,24.13,90.29,46.17,76.95
18.26,18.26,90.32,38.20,75.53
14.76,14.76,88.58,44.50,74.96
12.17,12.17,82.90,60.17,72.41
15.72,15.72,76.12,64.80,74.92
21.63,21.63,71.13,82.63,77.70
21.39,21.39,66.22,85.93,78.48
20.63,20.63,62.66,86.29,80.81
18.02,18.02,61.78,87.94,79.36
12.05,12.05,60.61,84.13,80.46
14.96,14.96,57.93,81.80,80.04
29.77,29.77,84.44,83.39,79.99
27.41,27.41,80.79,84.33,82.56
25.77,25.77,75.67,88.16,80.05
23.43,23.43,71.62,85.72,78.80
22.46,22.46,66.52,83.06,77.10
17.87,17.87,62.13,82.40,76.57
13.40,13.40,61.30,74.42,73.58
15.65,15.65,68.14,84.12,87.17
20.78,20.78,64.67,85.77,87.06
16.29,16.29,62.11,86.05,86.29
22.87,22.87,61.89,87.00,85.90
22.85,22.85,64.06,83.17,84.74
18.01,18.01,72.18,84.98,83.15
18.20,18.20,84.23,68.96,77.16
15.88,15.88,92.22,65.18,69.04
10.78,10.78,94.85,52.64,66.41
6.69,6.69,93.44,45.40,56.70
9.99,9.99,92.74,34.68,51.65
14.09,14.09,88.00,45.96,59.14
11.88,11.88,79.65,53.26,64.11
23.16,23.16,74.95,67.81,71.34
33.83,33.83,70.33,81.55,78.95
39.40,39.40,66.47,83.59,81.88
40.54,40.54,64.58,84.05,81.13
34.22,34.22,62.24,85.72,78.40
20.55,20.55,59.43,81.45,74.42
19.45,19.45,60.97,77.66,73.73
30.56,30.56,83.83,72.80,86.10
27.22,27.22,79.34,79.63,85.78
27.16,27.16,72.82,81.48,85.58
18.21,18.21,68.62,84.05,82.63
16.79,16.79,64.03,78.48,82.79
13.12,13.12,61.15,77.27,82.68
13.50,13.50,65.87,76.10,80.59
17.80,17.80,70.83,79.78,82.00
17.60,17.60,67.93,85.41,82.52
12.07,12.07,66.29,83.64,81.08
14.85,14.85,64.61,83.31,80.25
18.96,18.96,67.26,85.10,77.96
11.14,11.14,74.81,81.21,75.71
21.61,21.61,84.96,62.54,78.79
23.98,23.98,90.80,64.77,79.78
22.35,22.35,90.85,62.36,78.18
17.90,17.90,91.88,49.08,77.14
10.63,10.63,89.43,41.95,76.87
13.93,13.93,87.50,53.88,75.74
10.22,10.22,79.13,61.12,73.43
19.09,19.09,74.56,71.56,77.06
21.39,21.39,71.75,80.56,80.36
22.56,22.56,64.63,86.57,81.82
13.29,13.29,60.66,89.48,80.69
12.96,12.96,52.76,83.49,81.14
11.43,11.43,50.85,84.75,81.15
18.40,18.40,62.71,86.80,79.65
25.37,25.37,83.97,84.44,78.20
27.01,27.01,80.15,85.66,79.68
23.33,23.33,74.15,86.25,80.69
22.49,22.49,70.22,89.06,80.07
18.95,18.95,66.96,84.17,77.44
15.38,15.38,63.38,87.77,72.37
19.35,19.35,69.64,85.22,69.20
19.46,19.46,69.96,84.00,65.11
15.58,15.58,61.59,81.02,58.76
13.62,13.62,46.02,73.92,54.41
5.22,5.22,36.13,66.80,51.02
3.38,3.38,37.64,56.45,47.13
4.87,4.87,47.29,43.12,46.42
21.86,21.86,86.97,54.32,59.16
14.37,14.37,93.39,50.15,54.52
17.78,17.78,94.11,38.00,52.14
21.15,21.15,93.77,40.64,56.14
23.24,23.24,90.09,34.38,59.88
22.77,22.77,86.71,33.38,64.05
23.70,23.70,73.28,41.91,67.76
27.75,27.75,76.85,42.88,72.28
30.26,30.26,72.79,49.32,73.13
32.32,32.32,74.47,51.14,73.79
29.52,29.52,73.67,53.88,77.68
23.86,23.86,74.96,61.82,74.87
15.74,15.74,68.06,66.67,76.78
25.34,25.34,74.55,70.60,75.85
30.01,30.01,83.52,78.41,81.44
24.65,24.65,79.05,79.14,80.95
24.25,24.25,73.24,79.17,78.87
19.36,19.36,68.83,85.56,77.62
19.64,19.64,64.85,76.27,77.29
18.48,18.48,61.37,84.97,75.28
20.46,20.46,70.79,80.10,74.49
13.26,13.26,69.61,80.66,67.98
17.02,17.02,61.08,79.39,67.56
18.76,18.76,57.21,75.77,68.32
18.40,18.40,54.44,75.24,66.83
20.16,20.16,57.85,71.51,66.53
22.62,22.62,63.82,63.41,68.46
30.80,30.80,85.96,64.34,87.60
30.71,30.71,82.74,59.12,84.81
31.66,31.66,82.49,59.54,84.34
21.26,21.26,80.13,66.40,82.18
21.12,21.12,77.85,66.04,80.11
14.39,14.39,73.40,66.08,75.89
15.26,15.26,71.81,67.51,78.10
17.22,17.22,70.82,78.78,83.54
21.61,21.61,66.33,87.14,85.97
15.65,15.65,62.61,85.92,89.96
12.14,12.14,60.65,86.80,88.70
9.93,9.93,59.60,88.07,88.38
14.49,14.49,59.30,88.47,88.14
22.67,22.67,73.19,84.74,84.96
26.36,26.36,81.96,81.43,87.30
26.42,26.42,77.32,87.11,85.09
22.09,22.09,72.52,89.03,85.34
16.92,16.92,68.48,89.06,82.68
11.45,11.45,64.36,83.52,77.48
5.03,5.03,58.70,80.40,71.89
19.69,19.69,68.80,80.79,84.78
17.27,17.27,66.95,81.63,90.90
13.96,13.96,62.36,90.06,88.48
16.18,16.18,60.08,88.06,88.42
15.92,15.92,58.77,86.85,87.96
12.77,12.77,59.19,86.24,88.85
12.86,12.86,60.45,82.12,88.15
12.47,12.47,67.18,62.22,65.34
14.31,14.31,60.81,63.32,61.02
22.40,22.40,56.65,64.61,59.05
28.85,28.85,56.14,48.62,58.31
23.49,23.49,56.09,60.21,62.06
19.55,19.55,57.25,70.63,68.08
13.65,13.65,63.50,73.46,74.39
19.68,19.68,68.79,79.52,82.74
21.53,21.53,63.65,86.48,85.90
19.22,19.22,62.60,86.04,83.90
20.57,20.57,61.02,82.73,83.51
16.11,16.11,60.12,85.46,79.11
15.28,15.28,59.41,82.86,74.13
29.34,29.34,75.49,70.95,78.24
30.38,30.38,77.92,77.13,90.26
23.43,23.43,72.04,79.50,90.14
24.11,24.11,67.19,75.16,89.75
16.16,16.16,63.24,77.55,89.10
11.15,11.15,60.71,80.26,89.60
8.59,8.59,59.08,82.85,90.05
14.26,14.26,69.41,82.80,87.43
23.13,23.13,67.64,77.76,85.53
22.65,22.65,62.99,78.16,85.74
16.40,16.40,60.06,79.25,88.20
18.07,18.07,58.98,79.56,86.90
15.14,15.14,59.55,83.33,86.37
17.05,17.05,68.78,75.62,86.73
30.52,30.52,84.18,70.02,87.28
33.13,33.13,82.82,64.73,83.92
24.39,24.39,83.48,63.72,83.21
18.38,18.38,80.93,67.60,81.07
13.93,13.93,77.93,55.18,78.84
9.08,9.08,74.05,63.75,75.57
15.84,15.84,72.50,75.03,76.34
15.92,15.92,67.57,77.12,89.01
19.24,19.24,63.70,79.44,92.27
21.71,21.71,62.55,80.97,90.48
18.90,18.90,60.63,83.19,91.28
15.60,15.60,58.69,86.58,90.18
16.23,16.23,59.60,81.99,90.92
22.40,22.40,74.28,83.63,88.03
23.01,23.01,75.85,84.71,87.38
26.87,26.87,70.55,87.84,88.24
21.40,21.40,66.63,90.05,86.23
15.85,15.85,63.95,87.70,86.56
7.59,7.59,60.85,88.61,84.43
14.43,14.43,60.25,89.10,87.69
17.44,17.44,72.05,86.04,82.77
24.02,24.02,68.32,90.25,79.41
18.95,18.95,66.32,87.40,79.07
15.36,15.36,63.94,86.76,76.21
13.32,13.32,61.38,86.28,76.31
7.57,7.57,61.39,85.42,71.78
11.55,11.55,64.11,73.53,68.58
15.83,15.83,67.04,59.23,62.72
22.54,22.54,61.64,56.55,58.09
29.37,29.37,60.40,62.67,59.72
30.04,30.04,60.93,56.40,59.40
28.15,28.15,61.81,52.82,60.12
24.78,24.78,62.96,49.51,62.57
27.98,27.98,71.27,60.89,68.04
30.38,30.38,69.58,63.97,73.37
28.11,28.11,63.52,58.29,73.66
26.77,26.77,59.72,58.70,75.66
21.56,21.56,59.42,60.59,79.19
15.38,15.38,59.99,62.28,75.28
17.75,17.75,62.44,57.63,73.66
29.53,29.53,80.08,72.56,84.41
22.74,22.74,77.49,75.44,90.23
21.03,21.03,73.14,85.52,87.57
25.89,25.89,68.58,83.19,89.23
14.75,14.75,65.32,76.01,91.42
19.96,19.96,63.25,79.67,90.71
15.94,15.94,65.43,77.31,89.52
18.84,18.84,70.01,79.68,89.31
12.45,12.45,63.58,81.42,89.22
15.26,15.26,60.47,77.51,86.95
17.00,17.00,59.29,68.65,84.39
21.55,21.55,60.98,60.03,80.09
20.29,20.29,61.36,56.88,74.26
24.65,24.65,78.44,51.14,79.50
30.94,30.94,84.46,64.97,85.29
33.29,33.29,83.99,61.35,82.63
24.37,24.37,82.54,56.52,82.22
18.34,18.34,80.85,59.52,79.97
17.51,17.51,77.63,60.00,77.11
13.48,13.48,72.84,66.08,75.90
16.01,16.01,76.02,74.71,82.55
18.84,18.84,71.86,83.07,87.72
16.96,16.96,73.61,86.97,87.72
18.47,18.47,71.61,84.55,88.44
16.67,16.67,67.33,88.10,87.19
14.54,14.54,63.12,88.39,87.29
18.27,18.27,62.83,84.94,85.71
28.42,28.42,81.95,83.95,82.88
29.73,29.73,77.75,87.84,81.20
24.81,24.81,72.61,89.47,80.63
24.07,24.07,68.09,87.31,75.99
23.59,23.59,65.15,83.96,74.46
15.69,15.69,62.87,83.69,69.61
7.21,7.21,65.40,79.77,72.56
21.08,21.08,68.62,78.36,91.91
16.56,16.56,63.73,85.07,90.98
20.97,20.97,63.15,85.02,91.58
20.60,20.60,59.28,82.93,91.70
18.59,18.59,59.78,87.63,90.99
12.57,12.57,60.04,83.55,91.46
15.98,15.98,67.29,73.93,77.48
10.94,10.94,65.70,56.44,62.14
14.35,14.35,64.93,56.75,59.16
15.78,15.78,64.02,56.35,58.36
17.79,17.79,64.53,59.08,59.10
15.79,15.79,64.46,65.15,62.80
19.50,19.50,65.18,72.48,69.67
17.79,17.79,71.29,74.17,76.41
17.64,17.64,67.12,84.35,77.71
15.06,15.06,65.81,89.09,81.22
22.01,22.01,64.50,88.48,79.94
17.03,17.03,64.95,84.22,76.95
12.90,12.90,65.46,84.89,73.32
14.96,14.96,71.84,79.58,71.07
26.56,26.56,84.60,80.35,85.21
27.93,27.93,81.70,84.03,85.88
20.80,20.80,80.63,84.50,85.48
14.44,14.44,77.19,84.17,87.09
13.62,13.62,71.76,86.50,89.12
20.94,20.94,69.33,83.14,89.34
15.44,15.44,68.57,82.21,89.75
22.49,22.49,71.06,82.57,89.16
11.31,11.31,69.24,89.74,84.98
12.17,12.17,67.44,88.90,87.20
14.99,14.99,67.80,85.35,87.59
16.33,16.33,67.28,86.56,86.86
11.94,11.94,67.81,88.90,86.37
28.76,28.76,84.20,65.89,81.68
31.13,31.13,85.68,69.29,79.65
34.02,34.02,85.38,56.87,76.86
21.59,21.59,84.18,62.95,76.29
19.39,19.39,83.10,59.80,73.88
15.74,15.74,79.05,52.55,70.30
13.07,13.07,76.81,54.41,68.99
17.30,17.30,78.26,70.77,78.96
17.37,17.37,77.07,74.81,88.21
23.25,23.25,75.59,77.26,90.00
24.77,24.77,73.39,79.11,90.32
14.80,14.80,71.76,84.78,90.22
13.41,13.41,70.98,79.94,90.08
20.61,20.61,73.99,81.86,88.91
23.23,23.23,82.25,82.24,88.20
15.26,15.26,79.77,83.68,89.45
21.58,21.58,78.48,86.85,88.39
15.22,15.22,74.31,88.84,88.40
16.10,16.10,72.42,87.56,87.29
19.25,19.25,68.80,86.75,84.04
21.98,21.98,75.41,85.97,82.50
17.12,17.12,78.91,86.79,76.07
14.91,14.91,81.23,79.23,79.89
14.81,14.81,82.10,74.63,74.73
12.49,12.49,76.03,66.23,70.46
12.80,12.80,68.72,59.31,66.59
10.71,10.71,61.27,51.91,59.98
8.67,8.67,38.00,33.93,40.04
4.52,4.52,21.72,24.40,22.97
5.60,5.60,16.40,16.27,13.91
